Flat_Name,Flat_Location,Flat_Price,Flat_image_url
 2+1 53 m²,"Velká nad Veličkou, district Hodonín",2860000,"https://d18-a.sdn.cz/d_18/c_img_QP_K8/XRkBewB.jpeg?fl=res,400,300,3|shr,,20|jpg,90"
 1+1 37 m²,"Na Zámyšli, Praha 5 - Košíře",5190000,"https://d18-a.sdn.cz/d_18/c_img_QJ_Jx/yqQBJ15.jpeg?fl=res,400,300,3|shr,,20|jpg,90"
 3+kt 102 m²,"Jurečkova, Ostrava - Moravská Ostrava",1,"https://d18-a.sdn.cz/d_18/c_img_QN_KG/4bgBgWQ.jpeg?fl=res,400,300,3|shr,,20|jpg,90"
 3+kt 102 m²,"Pod Lipami, Praha 3 - Žižkov",11190000,"https://d18-a.sdn.cz/d_18/c_img_QM_Ks/bmdBlQ9.jpeg?fl=res,400,300,3|shr,,20|jpg,90"
 3+1 76 m²,"Chropyňská, Kroměříž",3990000,"https://d18-a.sdn.cz/d_18/c_img_QL_KA/7N9PPa.jpeg?fl=res,400,300,3|shr,,20|jpg,90"
 1+1 39 m²,"Ke Strašnické, Praha 10 - Strašnice",5000000,"https://d18-a.sdn.cz/d_18/c_img_QJ_Ju/PAzb5S.jpeg?fl=res,400,300,3|shr,,20|jpg,90"
 1+kt 37 m²,"Lipno nad Vltavou, district Český Krumlov",5290000,"https://d18-a.sdn.cz/d_18/c_img_QP_LN/Ui5BZRb.jpeg?fl=res,400,300,3|shr,,20|jpg,90"
 2+1 53 m²,"Větrná, Odolena Voda",3800000,"https://d18-a.sdn.cz/d_18/c_img_QN_J9/r8HFHy.jpeg?fl=res,400,300,3|shr,,20|jpg,90"
 2+1 50 m²,"Luštěnice - Zelená, district Mladá Boleslav",2790000,"https://d18-a.sdn.cz/d_18/c_img_QP_LG/HKaRfU.jpeg?fl=res,400,300,3|shr,,20|jpg,90"
 2+kt 58 m²,"Československého exilu, Praha 4 - Modřany",12410000,"https://d18-a.sdn.cz/d_18/c_img_QJ_Jx/iN8BJ1U.jpeg?fl=res,400,300,3|shr,,20|jpg,90"
 2+kt 54 m²,"Družstevní ochoz, Praha 4 - Nusle",6903000,"https://d18-a.sdn.cz/d_18/c_img_QK_Jw/VAK4dM.jpeg?fl=res,400,300,3|shr,,20|jpg,90"
 4+kt 114 m² (Mezonet),"Havířov, district Karviná",5990000,"https://d18-a.sdn.cz/d_18/c_img_QM_Kc/D2YBuUN.jpeg?fl=res,400,300,3|shr,,20|jpg,90"
 4+kt 85 m²,"U Lipek, Havířov - Bludovice",4990000,"https://d18-a.sdn.cz/d_18/c_img_QQ_Lg/h5KCEJP.jpeg?fl=res,400,300,3|shr,,20|jpg,90"
 4+kt 85 m²,"Modrá, Petřvald",3990000,"https://d18-a.sdn.cz/d_18/c_img_gS_z/JctB9j.jpeg?fl=res,400,300,3|shr,,20|jpg,90"
 1+kt 35 m²,"Argentinská, Praha 7 - Holešovice",6099000,"https://d18-a.sdn.cz/d_18/c_img_QK_Jw/fWqdVN.jpeg?fl=res,400,300,3|shr,,20|jpg,90"
 3+kt 79 m²,"Smrčinská, Praha 5 - Smíchov",11490000,"https://d18-a.sdn.cz/d_18/c_img_QJ_Jq/WfXrHQ.jpeg?fl=res,400,300,3|shr,,20|jpg,90"
 1+kt 35 m²,"U Průhonu, Praha 7 - Holešovice",6799000,"https://d18-a.sdn.cz/d_18/c_img_gZ_0/DK9FOU.jpeg?fl=res,400,300,3|shr,,20|jpg,90"
 4+kt 85 m²,"Havířov, district Karviná",4790000,"https://d18-a.sdn.cz/d_18/c_img_gY_0/azYCPl.jpeg?fl=res,400,300,3|shr,,20|jpg,90"
 5+1 87 m²,"Arnošta z Pardubic, Pardubice - Zelené Předměstí",5650000,"https://d18-a.sdn.cz/d_18/c_img_QL_KC/G2EBcv5.jpeg?fl=res,400,300,3|shr,,20|jpg,90"
 1+1 2 m²,"Adamovská, Adamov",19689700,"https://d18-a.sdn.cz/d_18/c_img_QM_Ks/G0UBlY7.jpeg?fl=res,400,300,3|shr,,20|jpg,90"
 2+1 57 m²,"Na hroudě, Praha 10 - Strašnice",6300000,"https://d18-a.sdn.cz/d_18/c_img_QR_MN/p7ABGGb.jpeg?fl=res,400,300,3|shr,,20|jpg,90"
 1+kt 47 m²,"Kotlářka, Praha 5 - Košíře",6800000,"https://d18-a.sdn.cz/d_18/c_img_QO_LA/YamU2m.jpeg?fl=res,400,300,3|shr,,20|jpg,90"
 2+kt 54 m²,"Žižkova tř., České Budějovice - České Budějovice 6",3250000,"https://d18-a.sdn.cz/d_18/c_img_QO_LA/P38Vty.jpeg?fl=res,400,300,3|shr,,20|jpg,90"
 1+kt 32 m²,"Kavaleristů, Olomouc - Hodolany",2850000,"https://d18-a.sdn.cz/d_18/c_img_QR_MN/AabBI8w.jpeg?fl=res,400,300,3|shr,,20|jpg,90"
 1+kt 29 m²,"Václava Trojana, Praha 10 - Uhříněves",4000000,"https://d18-a.sdn.cz/d_18/c_img_QP_LI/roUFGk.jpeg?fl=res,400,300,3|shr,,20|jpg,90"
 2+1 60 m²,"Týnec nad Sázavou - Brodce, district Benešov",3980000,"https://d18-a.sdn.cz/d_18/c_img_gQ_0/CykUln.jpeg?fl=res,400,300,3|shr,,20|jpg,90"
 3+1 71 m²,"Sídl. Míru, Volary",3290000,"https://d18-a.sdn.cz/d_18/c_img_QN_KG/cSNBJ7C.jpeg?fl=res,400,300,3|shr,,20|jpg,90"
 2+kt 75 m²,"Prokopova, Praha 3 - Žižkov",8500000,"https://d18-a.sdn.cz/d_18/c_img_QJ_Jt/Fkb9ZP.jpeg?fl=res,400,300,3|shr,,20|jpg,90"
 4+1 130 m²,"Sulova, Praha - Zbraslav",11830000,"https://d18-a.sdn.cz/d_18/c_img_QQ_Lp/tyRB2BJ.jpeg?fl=res,400,300,3|shr,,20|jpg,90"
 2+1 57 m²,"Merklín, district Karlovy Vary",1550000,"https://d18-a.sdn.cz/d_18/c_img_QK_Js/jEJBaIj.jpeg?fl=res,400,300,3|shr,,20|jpg,90"
 3+1 75 m²,"U Koruny, Hradec Králové - Pražské Předměstí",5430000,"https://d18-a.sdn.cz/d_18/c_img_QJ_Jx/x5jdte.jpeg?fl=res,400,300,3|shr,,20|jpg,90"
 2+1 55 m²,"Renneská třída, Brno - Štýřice",5690000,"https://d18-a.sdn.cz/d_18/c_img_QJ_Jx/ursBC5F.jpeg?fl=res,400,300,3|shr,,20|jpg,90"
 4+kt 106 m²,"Humpolecká, Pelhřimov",8890000,"https://d18-a.sdn.cz/d_18/c_img_QR_MN/7EkBWCW.jpeg?fl=res,400,300,3|shr,,20|jpg,90"
 4+kt 105 m² (Mezonet),"Na Výsluní, Tursko",8700000,"https://d18-a.sdn.cz/d_18/c_img_QJ_Jx/Zr3uQ1.jpeg?fl=res,400,300,3|shr,,20|jpg,90"
 1+kt 28 m²,"Nádražní, Praha 5 - Smíchov",4490000,"https://d18-a.sdn.cz/d_18/c_img_QK_Jw/BR6zNE.jpeg?fl=res,400,300,3|shr,,20|jpg,90"
 3+1 77 m²,"Okružní, Zlín",5290000,"https://d18-a.sdn.cz/d_18/c_img_QP_LG/aIKBFql.jpeg?fl=res,400,300,3|shr,,20|jpg,90"
 3+1 60 m²,"Verneřická, Praha 9 - Střížkov",5200000,"https://d18-a.sdn.cz/d_18/c_img_gS_0/pFqQpl.jpeg?fl=res,400,300,3|shr,,20|jpg,90"
 2+1 50 m²,"Lány, Veselí nad Moravou",2700000,"https://d18-a.sdn.cz/d_18/c_img_QR_MN/RJwBieh.jpeg?fl=res,400,300,3|shr,,20|jpg,90"
 3+kt 67 m²,"Komenského, Lednice",3950000,"https://d18-a.sdn.cz/d_18/c_img_QK_Jw/MNTBWx6.jpeg?fl=res,400,300,3|shr,,20|jpg,90"
 3+kt 117 m²,"Nad Ryšánkou, Praha 4 - Krč",19950000,"https://d18-a.sdn.cz/d_18/c_img_QM_Kb/BB4B2JK.jpeg?fl=res,400,300,3|shr,,20|jpg,90"
 2+kt 41 m²,"Nezamyslova, Praha 2 - Nusle",6560000,"https://d18-a.sdn.cz/d_18/c_img_QI_Jo/5yP4pz.jpeg?fl=res,400,300,3|shr,,20|jpg,90"
 4+kt 95 m²,"Moskevská, Praha 10 - Vršovice",16850000,"https://d18-a.sdn.cz/d_18/c_img_gR_0/WuKaeh.jpeg?fl=res,400,300,3|shr,,20|jpg,90"
 3+kt 71 m²,"K Lesu, Nymburk",7740000,"https://d18-a.sdn.cz/d_18/c_img_QJ_Jx/LSkBAtE.jpeg?fl=res,400,300,3|shr,,20|jpg,90"
 5+1 225 m²,"Polská, Praha 2 - Vinohrady",1,"https://d18-a.sdn.cz/d_18/c_img_QL_KC/YQm7xo.jpeg?fl=res,400,300,3|shr,,20|jpg,90"
 3+kt 136 m²,"Růžová, Praha 1 - Nové Město",20490000,"https://d18-a.sdn.cz/d_18/c_img_QK_Jw/9iGsQo.jpeg?fl=res,400,300,3|shr,,20|jpg,90"
 2+kt 70 m²,"Na rovnosti, Praha 3 - Žižkov",8390000,"https://d18-a.sdn.cz/d_18/c_img_gT_4/euOCo3.jpeg?fl=res,400,300,3|shr,,20|jpg,90"
 4+kt 147 m² (Mezonet),"V Horkách, Praha 4 - Nusle",13900000,"https://d18-a.sdn.cz/d_18/c_img_QQ_Ls/Pt2BOST.jpeg?fl=res,400,300,3|shr,,20|jpg,90"
 2+1 52 m²,"Vratimovská, Praha 9 - Letňany",5990000,"https://d18-a.sdn.cz/d_18/c_img_QI_Jr/ctZj0o.jpeg?fl=res,400,300,3|shr,,20|jpg,90"
 1+kt 31 m²,"Komárovská, Brno - Komárov",4599355,"https://d18-a.sdn.cz/d_18/c_img_QK_Jw/f4Yitg.jpeg?fl=res,400,300,3|shr,,20|jpg,90"
 2+kt 64 m²,"Oty Pavla, Praha 10 - Záběhlice",5298000,"https://d18-a.sdn.cz/d_18/c_img_QR_MN/eb3Rzx.jpeg?fl=res,400,300,3|shr,,20|jpg,90"
 1+kt 45 m²,"Podkovářská, Praha 9 - Vysočany",5480000,"https://d18-a.sdn.cz/d_18/c_img_QN_KG/oYI6bV.jpeg?fl=res,400,300,3|shr,,20|jpg,90"
 2+kt 63 m²,"Vlasty Fialové, Brno - Sadová",8290000,"https://d18-a.sdn.cz/d_18/c_img_QQ_Ls/885BX9N.jpeg?fl=res,400,300,3|shr,,20|jpg,90"
 2+kt 63 m²,"Blažovická, Brno - Slatina",5490000,"https://d18-a.sdn.cz/d_18/c_img_gT_4/VNFJS2.jpeg?fl=res,400,300,3|shr,,20|jpg,90"
 3+kt 65 m² (Single-storey),"Vosmíkových, Praha 8 - Libeň",7390000,"https://d18-a.sdn.cz/d_18/c_img_QM_Ks/Jsu8Pu.jpeg?fl=res,400,300,3|shr,,20|jpg,90"
 3+1 72 m²,"Volgogradská, Ostrava - Zábřeh",2850000,"https://d18-a.sdn.cz/d_18/c_img_QP_LN/rzrBZJT.jpeg?fl=res,400,300,3|shr,,20|jpg,90"
 4+1 107 m²,"Jiřího Wolkera, Teplice",3499650,"https://d18-a.sdn.cz/d_18/c_img_QO_LA/IAPBk2p.jpeg?fl=res,400,300,3|shr,,20|jpg,90"
 3+kt 61 m²,"Československého exilu, Praha 4 - Modřany",12031400,"https://d18-a.sdn.cz/d_18/c_img_QI_Jr/gO2BFMN.jpeg?fl=res,400,300,3|shr,,20|jpg,90"
 1+kt 24 m²,"Čenětická, Praha 4 - Chodov",3852000,"https://d18-a.sdn.cz/d_18/c_img_QR_MN/sSEBJwJ.jpeg?fl=res,400,300,3|shr,,20|jpg,90"
 2+1 53 m²,"Oldřichova, Praha 2 - Nusle",6250000,"https://d18-a.sdn.cz/d_18/c_img_QN_KG/HVDBlih.jpeg?fl=res,400,300,3|shr,,20|jpg,90"
 4+kt 92 m²,"Polská, Praha 2 - Vinohrady",17900000,"https://d18-a.sdn.cz/d_18/c_img_QL_KC/G3Ssys.jpeg?fl=res,400,300,3|shr,,20|jpg,90"
 3+1 74 m²,"J. Bendy, České Budějovice - České Budějovice 2",4150000,"https://d18-a.sdn.cz/d_18/c_img_QO_LA/BqyBdm8.jpeg?fl=res,400,300,3|shr,,20|jpg,90"
 1+kt 55 m²,"Štefánikova, Brno - Ponava",5990000,"https://d18-a.sdn.cz/d_18/c_img_QQ_Lr/hzzsg.jpeg?fl=res,400,300,3|shr,,20|jpg,90"
 3+1 89 m²,"Podlesí, Brno - Komín",8490000,"https://d18-a.sdn.cz/d_18/c_img_QK_Jw/rUkBXhg.jpeg?fl=res,400,300,3|shr,,20|jpg,90"
 3+kt 85 m²,"Pod Žvahovem, Praha 5 - Hlubočepy",9490000,"https://d18-a.sdn.cz/d_18/c_img_QM_Ks/M43BXxy.jpeg?fl=res,400,300,3|shr,,20|jpg,90"
 2+kt 50 m²,"Křečovice - Živohošť, district Benešov",3250000,"https://d18-a.sdn.cz/d_18/c_img_gR_z/fgyKy.jpeg?fl=res,400,300,3|shr,,20|jpg,90"
 2+kt 65 m²,"Slepá, Milovice - Mladá",3299000,"https://d18-a.sdn.cz/d_18/c_img_QP_LN/F54BZNQ.jpeg?fl=res,400,300,3|shr,,20|jpg,90"
 2+kt 56 m²,"Popelky Biliánové, Králův Dvůr",4200000,"https://d18-a.sdn.cz/d_18/c_img_QN_KG/1jQBKDO.jpeg?fl=res,400,300,3|shr,,20|jpg,90"
 3+kt 62 m²,"U Mrázovky, Praha 5 - Smíchov",8490000,"https://d18-a.sdn.cz/d_18/c_img_QL_KC/pVNBZPw.jpeg?fl=res,400,300,3|shr,,20|jpg,90"
 5+kt 230 m²,"Svěceného, Praha 9 - Třeboradice",8799000,"https://d18-a.sdn.cz/d_18/c_img_QK_Jw/Zq6uWZ.jpeg?fl=res,400,300,3|shr,,20|jpg,90"
 1+kt 34 m²,"Lesík, Kladno",2879800,"https://d18-a.sdn.cz/d_18/c_img_QK_Jw/OSpBV6H.jpeg?fl=res,400,300,3|shr,,20|jpg,90"
 4+kt 94 m²,"Lesík, Kladno",8774550,"https://d18-a.sdn.cz/d_18/c_img_QM_Ks/5NkBjoS.jpeg?fl=res,400,300,3|shr,,20|jpg,90"
 4+kt 129 m²,"Nádražní, Praha 5 - Smíchov",32200744,"https://d18-a.sdn.cz/d_18/c_img_QO_K7/w3TBV1P.jpeg?fl=res,400,300,3|shr,,20|jpg,90"
 2+kt 48 m²,"Lesík, Kladno",4573000,"https://d18-a.sdn.cz/d_18/c_img_QR_MN/Yn3Bjvj.jpeg?fl=res,400,300,3|shr,,20|jpg,90"
 3+kt 74 m²,"Lesík, Kladno",6460620,"https://d18-a.sdn.cz/d_18/c_img_QR_MN/vWGBjvh.jpeg?fl=res,400,300,3|shr,,20|jpg,90"
 1+kt 42 m²,"Prokopa Velikého, Brno - Líšeň",4912500,"https://d18-a.sdn.cz/d_18/c_img_QK_Jv/EVfIP7.jpeg?fl=res,400,300,3|shr,,20|jpg,90"
 3+1 70 m²,"Leoše Janáčka, Kladno",5490000,"https://d18-a.sdn.cz/d_18/c_img_QJ_Jx/gqv6eu.jpeg?fl=res,400,300,3|shr,,20|jpg,90"
 2+kt 62 m²,"Přibice, district Brno-venkov",4482105,"https://d18-a.sdn.cz/d_18/c_img_QN_KD/8MeB202.jpeg?fl=res,400,300,3|shr,,20|jpg,90"
 3+kt 79 m²,"Bělomlýnská, Praha - Praha-Čakovice",9172000,"https://d18-a.sdn.cz/d_18/c_img_gW_z/64ZTCz.jpeg?fl=res,400,300,3|shr,,20|jpg,90"
 3+kt 69 m²,"Nehvizdy, district Praha-východ",6279000,"https://d18-a.sdn.cz/d_18/c_img_QN_KG/SDhBbXG.jpeg?fl=res,400,300,3|shr,,20|jpg,90"
 3+kt 64 m²,"náměstí Osvoboditelů, Praha 5 - Radotín",9217194,"https://d18-a.sdn.cz/d_18/c_img_QN_KG/cseBX5c.jpeg?fl=res,400,300,3|shr,,20|jpg,90"
 2+kt 61 m²,"Škvorecká, Úvaly",7450000,"https://d18-a.sdn.cz/d_18/c_img_QK_Jw/POC9Mf.jpeg?fl=res,400,300,3|shr,,20|jpg,90"
 3+kt 84 m²,"Bělomlýnská, Praha - Praha-Čakovice",9596000,"https://d18-a.sdn.cz/d_18/c_img_QR_MN/C5VhcF.jpeg?fl=res,400,300,3|shr,,20|jpg,90"
 2+1 59 m²,"Soudní, Praha 4 - Nusle",7190000,"https://d18-a.sdn.cz/d_18/c_img_QL_KC/ru4BlQr.jpeg?fl=res,400,300,3|shr,,20|jpg,90"
 3+kt 81 m²,"Železná Ruda, district Klatovy",9480000,"https://d18-a.sdn.cz/d_18/c_img_QR_MN/ZFQBdEa.jpeg?fl=res,400,300,3|shr,,20|jpg,90"
 3+kt 115 m²,"Baarova, Praha 4 - Michle",1,"https://d18-a.sdn.cz/d_18/c_img_QP_LN/Zdt7mM.jpeg?fl=res,400,300,3|shr,,20|jpg,90"
 2+kt 47 m²,"Arménská, Kladno - Kročehlavy",4218590,"https://d18-a.sdn.cz/d_18/c_img_QK_Jw/88ZBV1A.jpeg?fl=res,400,300,3|shr,,20|jpg,90"
 3+1 79 m²,"Pod Lipami, Praha 3 - Žižkov",7990000,"https://d18-a.sdn.cz/d_18/c_img_QJ_Jx/D7SBCFZ.jpeg?fl=res,400,300,3|shr,,20|jpg,90"
 3+kt 66 m²,"Arménská, Kladno - Kročehlavy",4533300,"https://d18-a.sdn.cz/d_18/c_img_QO_LA/aY4BjKg.jpeg?fl=res,400,300,3|shr,,20|jpg,90"
 2+kt 43 m²,"Jankovská, Praha 4 - Krč",6350000,"https://d18-a.sdn.cz/d_18/c_img_QQ_Ls/UcOBgcw.jpeg?fl=res,400,300,3|shr,,20|jpg,90"
 2+kt 42 m²,"Drahobejlova, Praha 9 - Libeň",7210000,"https://d18-a.sdn.cz/d_18/c_img_gV_2/zpNSYf.jpeg?fl=res,400,300,3|shr,,20|jpg,90"
 4+kt 159 m²,"U kombinátu, Praha 10 - Strašnice",17490000,"https://d18-a.sdn.cz/d_18/c_img_QL_KC/lHwBgv8.jpeg?fl=res,400,300,3|shr,,20|jpg,90"
 3+1 135 m²,"Kobrova, Praha 5 - Smíchov",19950000,"https://d18-a.sdn.cz/d_18/c_img_QP_LN/wYB45Y.jpeg?fl=res,400,300,3|shr,,20|jpg,90"
 3+kt 270 m²,"Popovičky - Nebřenice, district Praha-východ",1,"https://d18-a.sdn.cz/d_18/c_img_QK_Jw/IR7BThf.jpeg?fl=res,400,300,3|shr,,20|jpg,90"
 2+kt 58 m²,"Rohanské nábřeží, Praha 8 - Karlín",12850000,"https://d18-a.sdn.cz/d_18/c_img_QQ_Ls/fz0BbXM.jpeg?fl=res,400,300,3|shr,,20|jpg,90"
 4+kt 47 m²,"Arménská, Kladno - Kročehlavy",5446760,"https://d18-a.sdn.cz/d_18/c_img_QK_Jw/QUKBV1b.jpeg?fl=res,400,300,3|shr,,20|jpg,90"
 2+1 77 m²,"Vladislavova, Praha 1 - Nové Město",12500000,"https://d18-a.sdn.cz/d_18/c_img_QN_KB/EdeOi.jpeg?fl=res,400,300,3|shr,,20|jpg,90"
 4+kt 118 m² (Mezonet),"Drahobejlova, Praha 9 - Libeň",19070000,"https://d18-a.sdn.cz/d_18/c_img_gV_2/z8HTS3.jpeg?fl=res,400,300,3|shr,,20|jpg,90"
 2+1 50 m²,"sídliště U Nádraží, Jindřichův Hradec - Jindřichův Hradec II",2400000,"https://d18-a.sdn.cz/d_18/c_img_QN_KG/ckPBb7x.jpeg?fl=res,400,300,3|shr,,20|jpg,90"
 1+kt 38 m²,"Vladimíra Kobranova, Praha",6984600,"https://d18-a.sdn.cz/d_18/c_img_QM_KL/rgvJc8.jpeg?fl=res,400,300,3|shr,,20|jpg,90"
 2+kt 54 m²,"Vladimíra Kobranova, Praha",8690000,"https://d18-a.sdn.cz/d_18/c_img_gW_p/luHZPs.jpeg?fl=res,400,300,3|shr,,20|jpg,90"
 4+kt 113 m²,"Vladimíra Kobranova, Praha",21388200,"https://d18-a.sdn.cz/d_18/c_img_QL_Jt/RtuqqI.jpeg?fl=res,400,300,3|shr,,20|jpg,90"
 2+1 56 m²,"Omlenice - Omlenička, district Český Krumlov",2280000,"https://d18-a.sdn.cz/d_18/c_img_QN_KG/uxcBDFU.jpeg?fl=res,400,300,3|shr,,20|jpg,90"
 3+1 81 m²,"Vojtěcha Lanny, Kladno",6950000,"https://d18-a.sdn.cz/d_18/c_img_gY_z/1yME7U.jpeg?fl=res,400,300,3|shr,,20|jpg,90"
 1+kt 50 m²,Praha 5,6390000,"https://d18-a.sdn.cz/d_18/c_img_QL_KC/zwZBlRO.jpeg?fl=res,400,300,3|shr,,20|jpg,90"
 2+kt 59 m²,"Elektrárenská, Praha 10 - Michle",6690000,"https://d18-a.sdn.cz/d_18/c_img_gR_0/629V6n.jpeg?fl=res,400,300,3|shr,,20|jpg,90"
 3+1 89 m²,"U jezera, Praha 5 - Stodůlky",8290000,"https://d18-a.sdn.cz/d_18/c_img_QL_KC/mE4Bjx8.jpeg?fl=res,400,300,3|shr,,20|jpg,90"
 2+1 52 m²,"Panelová, Ostrava - Poruba",2190000,"https://d18-a.sdn.cz/d_18/c_img_QJ_Jx/PQjK36.jpeg?fl=res,400,300,3|shr,,20|jpg,90"
 2+kt 62 m²,"Kakosova, Praha 5 - Řeporyje",6750000,"https://d18-a.sdn.cz/d_18/c_img_QI_Jr/zOjD6g.jpeg?fl=res,400,300,3|shr,,20|jpg,90"
 4+kt 150 m² (Mezonet),"B. Němcové, Hostivice",10490000,"https://d18-a.sdn.cz/d_18/c_img_QN_KG/Ly83fU.jpeg?fl=res,400,300,3|shr,,20|jpg,90"
 3+kt 80 m²,"V Roháči I., Jesenice",7890000,"https://d18-a.sdn.cz/d_18/c_img_QP_LN/acxchv.jpeg?fl=res,400,300,3|shr,,20|jpg,90"
 1+kt 31 m²,"Komárovská, Brno - Komárov",4255918,"https://d18-a.sdn.cz/d_18/c_img_gX_0/hq4aL5.jpeg?fl=res,400,300,3|shr,,20|jpg,90"
 3+1 69 m²,"Sochorova, Vyškov",3400000,"https://d18-a.sdn.cz/d_18/c_img_QQ_Ls/NFaqgu.jpeg?fl=res,400,300,3|shr,,20|jpg,90"
 3+kt 140 m²,"Pitterova, Praha 3 - Žižkov",16900000,"https://d18-a.sdn.cz/d_18/c_img_QN_KG/WVdBhj7.jpeg?fl=res,400,300,3|shr,,20|jpg,90"
 3+1 79 m²,"Radotínská, Bílovec",2750000,"https://d18-a.sdn.cz/d_18/c_img_QO_K8/Dvi5xw.jpeg?fl=res,400,300,3|shr,,20|jpg,90"
 2+kt 73 m²,"Karlínské náměstí, Praha 8 - Karlín",10900000,"https://d18-a.sdn.cz/d_18/c_img_QR_MN/hrpBH41.jpeg?fl=res,400,300,3|shr,,20|jpg,90"
 4+kt 113 m²,"Letohradská, Kamenice - Ládví",8900000,"https://d18-a.sdn.cz/d_18/c_img_gS_0/DCvWJS.jpeg?fl=res,400,300,3|shr,,20|jpg,90"
 2+kt 52 m²,"Zrzavého, Praha 6 - Řepy",6500000,"https://d18-a.sdn.cz/d_18/c_img_QJ_Jx/1pcY18.jpeg?fl=res,400,300,3|shr,,20|jpg,90"
 3+1 100 m²,"Jindřicha Plachty, Praha 5 - Smíchov",14950000,"https://d18-a.sdn.cz/d_18/c_img_QP_LH/W3Bi07.jpeg?fl=res,400,300,3|shr,,20|jpg,90"
 2+1 51 m²,"Janovského, Praha 7 - Holešovice",8900000,"https://d18-a.sdn.cz/d_18/c_img_QR_MI/t1pBXQb.jpeg?fl=res,400,300,3|shr,,20|jpg,90"
 4+kt 133 m²,"Uhříněveská, Průhonice",1,"https://d18-a.sdn.cz/d_18/c_img_QO_K5/7H3BRz0.jpeg?fl=res,400,300,3|shr,,20|jpg,90"
 2+1 43 m²,"U Půjčovny, Praha 1 - Nové Město",8990000,"https://d18-a.sdn.cz/d_18/c_img_QQ_LX/xqQHz7.jpeg?fl=res,400,300,3|shr,,20|jpg,90"
 2+kt 51 m²,"Korunní, Praha 10 - Vinohrady",7500000,"https://d18-a.sdn.cz/d_18/c_img_QI_Jr/47hZwT.jpeg?fl=res,400,300,3|shr,,20|jpg,90"
 2+kt 56 m²,"Komárovská, Brno - Komárov",7298342,"https://d18-a.sdn.cz/d_18/c_img_QP_LN/PTNkFJ.jpeg?fl=res,400,300,3|shr,,20|jpg,90"
 2+kt 48 m²,"Maroldova, Praha 4 - Nusle",9127000,"https://d18-a.sdn.cz/d_18/c_img_QM_Kp/GTiYfP.jpeg?fl=res,400,300,3|shr,,20|jpg,90"
 3+kt 74 m²,"Maroldova, Praha 4 - Nusle",13080000,"https://d18-a.sdn.cz/d_18/c_img_QO_K8/bwpZTp.jpeg?fl=res,400,300,3|shr,,20|jpg,90"
 3+kt 100 m²,"Michalská, Praha 1 - Staré Město",16450000,"https://d18-a.sdn.cz/d_18/c_img_QL_KC/cyVBVvY.jpeg?fl=res,400,300,3|shr,,20|jpg,90"
 3+1 93 m²,"Vyžlovská, Praha 10 - Strašnice",10750000,"https://d18-a.sdn.cz/d_18/c_img_QL_KA/lqsE5Q.jpeg?fl=res,400,300,3|shr,,20|jpg,90"
 1+kt 35 m²,"Heřmanova Huť, district Plzeň-sever",2480000,"https://d18-a.sdn.cz/d_18/c_img_QN_KG/Eydbpp.jpeg?fl=res,400,300,3|shr,,20|jpg,90"
 2+kt 67 m²,"Heřmanova Huť, district Plzeň-sever",3739000,"https://d18-a.sdn.cz/d_18/c_img_QK_Jw/kmSN8Q.jpeg?fl=res,400,300,3|shr,,20|jpg,90"
 3+kt 96 m²,"Heřmanova Huť, district Plzeň-sever",4980000,"https://d18-a.sdn.cz/d_18/c_img_gZ_0/3kKOrj.jpeg?fl=res,400,300,3|shr,,20|jpg,90"
 3+kt 53 m²,"Poděbradská, Praha 9 - Hloubětín",6999000,"https://d18-a.sdn.cz/d_18/c_img_QO_LA/EyVBEzi.jpeg?fl=res,400,300,3|shr,,20|jpg,90"
 3+kt 70 m²,"Zárubova, Praha 4 - Kamýk",7699000,"https://d18-a.sdn.cz/d_18/c_img_QP_LN/Du9BNBh.jpeg?fl=res,400,300,3|shr,,20|jpg,90"
 2+kt 40 m²,"Bělocerkevská, Praha 10 - Vršovice",6399000,"https://d18-a.sdn.cz/d_18/c_img_QL_KC/vheBZEJ.jpeg?fl=res,400,300,3|shr,,20|jpg,90"
 4+kt 83 m²,"Hodkovická, Praha 4 - Kamýk",7999000,"https://d18-a.sdn.cz/d_18/c_img_QQ_Ls/eCxFs2.jpeg?fl=res,400,300,3|shr,,20|jpg,90"
 2+kt 53 m²,"Ke Strašnické, Praha 10 - Strašnice",6749000,"https://d18-a.sdn.cz/d_18/c_img_gY_z/DkYDqS.jpeg?fl=res,400,300,3|shr,,20|jpg,90"
 1+kt 16 m²,"Na Šťáhlavce, Praha 6 - Dejvice",3699000,"https://d18-a.sdn.cz/d_18/c_img_QM_Km/G7KBeg3.jpeg?fl=res,400,300,3|shr,,20|jpg,90"
 3+kt 68 m²,"Sečská, Praha 10 - Strašnice",7999000,"https://d18-a.sdn.cz/d_18/c_img_QO_LA/c8DBYh2.jpeg?fl=res,400,300,3|shr,,20|jpg,90"
 2+kt 50 m²,"Na Pankráci, Praha 4 - Nusle",7199000,"https://d18-a.sdn.cz/d_18/c_img_gS_0/Or2XLO.jpeg?fl=res,400,300,3|shr,,20|jpg,90"
 3+kt 55 m²,"Konšelská, Praha 8 - Libeň",7499000,"https://d18-a.sdn.cz/d_18/c_img_QQ_Ls/6pYBUMO.jpeg?fl=res,400,300,3|shr,,20|jpg,90"
 2+kt 52 m²,"Přístavní, Praha 7 - Holešovice",8199000,"https://d18-a.sdn.cz/d_18/c_img_gW_z/S89aBB.jpeg?fl=res,400,300,3|shr,,20|jpg,90"
 3+1 62 m²,"Tomanova, Plzeň - Jižní Předměstí",3800000,"https://d18-a.sdn.cz/d_18/c_img_QM_KW/34RBsxT.jpeg?fl=res,400,300,3|shr,,20|jpg,90"
 2+1 53 m²,"Kosmonautů, Karviná - Ráj",1070000,"https://d18-a.sdn.cz/d_18/c_img_QN_KG/Em1Blfd.jpeg?fl=res,400,300,3|shr,,20|jpg,90"
 2+kt 57 m²,"Fr. Hrubína, České Budějovice - České Budějovice 3",3700000,"https://d18-a.sdn.cz/d_18/c_img_QJ_Ju/ozK4Mm.jpeg?fl=res,400,300,3|shr,,20|jpg,90"
 2+kt 86 m²,"Všehrdova, Praha 1 - Malá Strana",1,"https://d18-a.sdn.cz/d_18/c_img_QR_MN/PUNBbOX.jpeg?fl=res,400,300,3|shr,,20|jpg,90"
 2+kt 64 m²,"Šlechtitelská, Praha 9 - Klánovice",8750000,"https://d18-a.sdn.cz/d_18/c_img_QQ_Lp/5xr3Qe.jpeg?fl=res,400,300,3|shr,,20|jpg,90"
 3+kt 102 m²,"Šlechtitelská, Praha 9 - Klánovice",11990000,"https://d18-a.sdn.cz/d_18/c_img_QR_MK/2in3Ij.jpeg?fl=res,400,300,3|shr,,20|jpg,90"
 4+1 90 m²,"Průjezdná, Most",3499900,"https://d18-a.sdn.cz/d_18/c_img_QQ_Ls/FkAorr.jpeg?fl=res,400,300,3|shr,,20|jpg,90"
 4+kt 203 m²,"Karla Engliše, Praha 5 - Smíchov",22500000,"https://d18-a.sdn.cz/d_18/c_img_gY_z/qkrCEZ.jpeg?fl=res,400,300,3|shr,,20|jpg,90"
 3+kt 216 m²,"Vysočanská, Praha 9 - Vysočany",14500000,"https://d18-a.sdn.cz/d_18/c_img_QP_LG/lsA2PT.jpeg?fl=res,400,300,3|shr,,20|jpg,90"
 3+kt 102 m²,"Vysočanská, Praha 9 - Vysočany",12990000,"https://d18-a.sdn.cz/d_18/c_img_QJ_Jr/jejBFa0.jpeg?fl=res,400,300,3|shr,,20|jpg,90"
 2+kt 45 m²,"Vysočanská, Praha 9 - Vysočany",5990000,"https://d18-a.sdn.cz/d_18/c_img_gW_y/yPbB2d.jpeg?fl=res,400,300,3|shr,,20|jpg,90"
 3+kt 76 m²,"Vysočanská, Praha 9 - Vysočany",11190000,"https://d18-a.sdn.cz/d_18/c_img_QN_KC/hPh2oD.jpeg?fl=res,400,300,3|shr,,20|jpg,90"
 2+kt 58 m²,"Komořanská, Praha 4 - Modřany",7990000,"https://d18-a.sdn.cz/d_18/c_img_QQ_Lg/O7I4NT.jpeg?fl=res,400,300,3|shr,,20|jpg,90"
 4+kt 142 m²,"Vysočanská, Praha 9 - Vysočany",15990000,"https://d18-a.sdn.cz/d_18/c_img_gZ_z/ahsB3j.jpeg?fl=res,400,300,3|shr,,20|jpg,90"
 2+kt 46 m²,"Vysočanská, Praha 9 - Vysočany",5990000,"https://d18-a.sdn.cz/d_18/c_img_QN_KG/QOSdVB.jpeg?fl=res,400,300,3|shr,,20|jpg,90"
 2+kt 42 m²,"Vysočanská, Praha 9 - Vysočany",5490000,"https://d18-a.sdn.cz/d_18/c_img_QQ_Ls/y677SU.jpeg?fl=res,400,300,3|shr,,20|jpg,90"
 2+kt 58 m²,"Komořanská, Praha 4 - Modřany",7890000,"https://d18-a.sdn.cz/d_18/c_img_QN_KD/6xbChl.jpeg?fl=res,400,300,3|shr,,20|jpg,90"
 2+kt 56 m²,"Černý Důl, district Trutnov",6890000,"https://d18-a.sdn.cz/d_18/c_img_QN_KG/whFBimr.jpeg?fl=res,400,300,3|shr,,20|jpg,90"
 4+kt 188 m² (Attic),"U Pernikářky, Praha 5 - Smíchov",18500000,"https://d18-a.sdn.cz/d_18/c_img_QR_MN/dEsg8S.jpeg?fl=res,400,300,3|shr,,20|jpg,90"
 2+kt 45 m²,"Jičínská, Praha 3 - Žižkov",5850000,"https://d18-a.sdn.cz/d_18/c_img_QK_Jw/RoEBPfV.jpeg?fl=res,400,300,3|shr,,20|jpg,90"
 2+kt 43 m²,"Děčínská, Praha - Střížkov",4767000,"https://d18-a.sdn.cz/d_18/c_img_QR_MN/EC1BPPz.jpeg?fl=res,400,300,3|shr,,20|jpg,90"
 2+kt 50 m²,"Janovského, Praha 7 - Holešovice",7200000,"https://d18-a.sdn.cz/d_18/c_img_QI_Jr/37MuyV.jpeg?fl=res,400,300,3|shr,,20|jpg,90"
 1+kt 23 m²,"Čenětická, Praha 4 - Chodov",4134000,"https://d18-a.sdn.cz/d_18/c_img_QQ_Ls/a17BKdM.jpeg?fl=res,400,300,3|shr,,20|jpg,90"
 3+kt 85 m²,"Dostalové, Praha 5 - Hlubočepy",12200000,"https://d18-a.sdn.cz/d_18/c_img_gR_0/DZbINf.jpeg?fl=res,400,300,3|shr,,20|jpg,90"
 2+kt 46 m²,"Kurandové, Praha 5 - Hlubočepy",7300000,"https://d18-a.sdn.cz/d_18/c_img_QJ_Jp/EltBa2U.jpeg?fl=res,400,300,3|shr,,20|jpg,90"
 4+kt 117 m²,"Dostalové, Praha 5 - Hlubočepy",19900000,"https://d18-a.sdn.cz/d_18/c_img_QI_Ji/3sxfKC.jpeg?fl=res,400,300,3|shr,,20|jpg,90"
 1+kt 31 m²,"Dostalové, Praha 5 - Hlubočepy",5900000,"https://d18-a.sdn.cz/d_18/c_img_QI_Ji/inRBmUQ.jpeg?fl=res,400,300,3|shr,,20|jpg,90"
 3+1 94 m²,"Zárubova, Praha 4 - Kamýk",8990000,"https://d18-a.sdn.cz/d_18/c_img_QI_Jr/NJLBH6Z.jpeg?fl=res,400,300,3|shr,,20|jpg,90"
 2+kt 50 m²,"Dostalové, Praha 5 - Hlubočepy",8450000,"https://d18-a.sdn.cz/d_18/c_img_QJ_Jo/qX1Bk9s.jpeg?fl=res,400,300,3|shr,,20|jpg,90"
 1+kt 31 m²,"Kurandové, Praha - Hlubočepy",5900000,"https://d18-a.sdn.cz/d_18/c_img_QI_Jl/ps3BZF6.jpeg?fl=res,400,300,3|shr,,20|jpg,90"
 3+kt 74 m²,"Kurandové, Praha - Hlubočepy",12900000,"https://d18-a.sdn.cz/d_18/c_img_QJ_Jr/Cf2BYcM.jpeg?fl=res,400,300,3|shr,,20|jpg,90"
 2+kt 39 m²,"Kurandové, Praha - Hlubočepy",6900000,"https://d18-a.sdn.cz/d_18/c_img_QP_LF/dWZBxsY.jpeg?fl=res,400,300,3|shr,,20|jpg,90"
 3+kt 85 m²,"Kurandové, Praha 5 - Hlubočepy",14900000,"https://d18-a.sdn.cz/d_18/c_img_QN_KB/PvKByRW.jpeg?fl=res,400,300,3|shr,,20|jpg,90"
 2+kt 53 m²,"Kurandové, Praha - Hlubočepy",9200000,"https://d18-a.sdn.cz/d_18/c_img_QI_Jl/fwsBZWU.jpeg?fl=res,400,300,3|shr,,20|jpg,90"
 4+kt 97 m² (Attic),"Kurandové, Praha 5 - Hlubočepy",17500000,"https://d18-a.sdn.cz/d_18/c_img_QK_Jq/GVqB3hj.jpeg?fl=res,400,300,3|shr,,20|jpg,90"
 3+kt 71 m²,"Novoveská, Teplice",4917300,"https://d18-a.sdn.cz/d_18/c_img_QP_LN/4IsBZFX.jpeg?fl=res,400,300,3|shr,,20|jpg,90"
 3+kt 86 m²,"Kurandové, Praha 5 - Hlubočepy",13350000,"https://d18-a.sdn.cz/d_18/c_img_QO_LA/Nn6BRGz.jpeg?fl=res,400,300,3|shr,,20|jpg,90"
 3+kt 86 m²,"Dostalové, Praha 5 - Hlubočepy",12400000,"https://d18-a.sdn.cz/d_18/c_img_QK_Jw/YSJKFD.jpeg?fl=res,400,300,3|shr,,20|jpg,90"
 3+kt 66 m²,"Dostalové, Praha 5 - Hlubočepy",9500000,"https://d18-a.sdn.cz/d_18/c_img_QQ_Ls/yGeBRV6.jpeg?fl=res,400,300,3|shr,,20|jpg,90"
 2+kt 56 m²,"Novoveská, Teplice",3668400,"https://d18-a.sdn.cz/d_18/c_img_QK_Jw/dIqBNsU.jpeg?fl=res,400,300,3|shr,,20|jpg,90"
 3+kt 97 m²,"Habrová, Holubice - Kozinec",6710420,"https://d18-a.sdn.cz/d_18/c_img_gV_2/ygJD5n.jpeg?fl=res,400,300,3|shr,,20|jpg,90"
 3+kt 61 m²,"Lečkova, Praha 4 - Chodov",7450000,"https://d18-a.sdn.cz/d_18/c_img_QL_KC/0C6BlNg.jpeg?fl=res,400,300,3|shr,,20|jpg,90"
 1+kt 26 m²,"Loučná pod Klínovcem - Loučná, district Chomutov",3440000,"https://d18-a.sdn.cz/d_18/c_img_QR_MK/WNUCAqc.jpeg?fl=res,400,300,3|shr,,20|jpg,90"
 2+1 79 m²,"Donínská, Hrádek nad Nisou - Donín",3773000,"https://d18-a.sdn.cz/d_18/c_img_gV_2/88TTg5.jpeg?fl=res,400,300,3|shr,,20|jpg,90"
 4+kt 101 m²,"A. Trägera, České Budějovice - České Budějovice 3",1,"https://d18-a.sdn.cz/d_18/c_img_QP_LN/fjtRsg.jpeg?fl=res,400,300,3|shr,,20|jpg,90"
 4+1 224 m²,Praha 2,19990000,"https://d18-a.sdn.cz/d_18/c_img_QR_MK/lCMBgNg.jpeg?fl=res,400,300,3|shr,,20|jpg,90"
 3+1 78 m²,"Jáchymovská, Dobříš",5000000,"https://d18-a.sdn.cz/d_18/c_img_QL_KA/UVX5Gz.jpeg?fl=res,400,300,3|shr,,20|jpg,90"
 3+1 76 m²,"Jablonského, Olomouc - Klášterní Hradisko",6400000,"https://d18-a.sdn.cz/d_18/c_img_QJ_Jx/2vY0C6.jpeg?fl=res,400,300,3|shr,,20|jpg,90"
 2+kt 47 m²,"Cejl, Brno - Zábrdovice",2990000,"https://d18-a.sdn.cz/d_18/c_img_QM_Ks/W5e4UE.jpeg?fl=res,400,300,3|shr,,20|jpg,90"
 1+kt 40 m²,"Na Jarově, Praha 3 - Žižkov",3250000,"https://d18-a.sdn.cz/d_18/c_img_QI_Jo/L7ZgbF.jpeg?fl=res,400,300,3|shr,,20|jpg,90"
 1+kt 38 m²,"U Plynárny, Praha 4 - Michle",4090000,"https://d18-a.sdn.cz/d_18/c_img_QM_Kb/0vnBjQN.jpeg?fl=res,400,300,3|shr,,20|jpg,90"
 1+kt 39 m²,"Podbělohorská, Praha 5 - Smíchov",6779000,"https://d18-a.sdn.cz/d_18/c_img_gS_o/0HLBeLj.jpeg?fl=res,400,300,3|shr,,20|jpg,90"
 2+kt 57 m²,"Podbělohorská, Praha 5 - Smíchov",9539000,"https://d18-a.sdn.cz/d_18/c_img_QR_MJ/flbIpv.jpeg?fl=res,400,300,3|shr,,20|jpg,90"
 4+kt 115 m²,"Podbělohorská, Praha 5 - Smíchov",20942000,"https://d18-a.sdn.cz/d_18/c_img_QR_MJ/9PeHQV.jpeg?fl=res,400,300,3|shr,,20|jpg,90"
 3+kt 75 m²,"Podbělohorská, Praha 5 - Smíchov",12436000,"https://d18-a.sdn.cz/d_18/c_img_QO_K6/s4fGLM.jpeg?fl=res,400,300,3|shr,,20|jpg,90"
 1+kt 33 m²,"Štěpařská, Praha - Hlubočepy",4644000,"https://d18-a.sdn.cz/d_18/c_img_QP_LI/kkRXyK.jpeg?fl=res,400,300,3|shr,,20|jpg,90"
 2+kt 53 m²,"Štěpařská, Praha - Hlubočepy",7006000,"https://d18-a.sdn.cz/d_18/c_img_QI_Jo/STFYEI.jpeg?fl=res,400,300,3|shr,,20|jpg,90"
 3+kt 87 m²,"Štěpařská, Praha - Hlubočepy",10594000,"https://d18-a.sdn.cz/d_18/c_img_QQ_Lq/Mz9YOJ.jpeg?fl=res,400,300,3|shr,,20|jpg,90"
 4+kt 114 m²,"Štěpařská, Praha - Hlubočepy",14934000,"https://d18-a.sdn.cz/d_18/c_img_QN_KE/zVtYWD.jpeg?fl=res,400,300,3|shr,,20|jpg,90"
 1+kt 34 m²,"Štěpařská, Praha - Hlubočepy",4559000,"https://d18-a.sdn.cz/d_18/c_img_QP_LI/onqYOX.jpeg?fl=res,400,300,3|shr,,20|jpg,90"
 2+kt 50 m²,"Štěpařská, Praha - Hlubočepy",6406000,"https://d18-a.sdn.cz/d_18/c_img_QQ_Lq/zASZ86.jpeg?fl=res,400,300,3|shr,,20|jpg,90"
 3+kt 89 m²,"Štěpařská, Praha - Hlubočepy",10094000,"https://d18-a.sdn.cz/d_18/c_img_QI_Jo/5NDaMH.jpeg?fl=res,400,300,3|shr,,20|jpg,90"
 4+kt 85 m²,"Štěpařská, Praha - Hlubočepy",10800000,"https://d18-a.sdn.cz/d_18/c_img_QR_ML/Wg6aXB.jpeg?fl=res,400,300,3|shr,,20|jpg,90"
 2+1 45 m²,"Kněžice, district Jihlava",2700000,"https://d18-a.sdn.cz/d_18/c_img_QK_Js/a9KB21M.jpeg?fl=res,400,300,3|shr,,20|jpg,90"
 4+kt 113 m²,"Štěpařská, Praha - Hlubočepy",13739000,"https://d18-a.sdn.cz/d_18/c_img_QO_K8/ghDaVg.jpeg?fl=res,400,300,3|shr,,20|jpg,90"
 4+kt 117 m²,Teplice,8143200,"https://d18-a.sdn.cz/d_18/c_img_QR_MN/JOjBYqt.jpeg?fl=res,400,300,3|shr,,20|jpg,90"
 1+kt 32 m²,"Štěpařská, Praha - Hlubočepy",4631000,"https://d18-a.sdn.cz/d_18/c_img_gY_z/37VF8H.jpeg?fl=res,400,300,3|shr,,20|jpg,90"
 2+kt 60 m²,"Novoveská, Teplice",3949300,"https://d18-a.sdn.cz/d_18/c_img_QM_Ks/zs4BlMC.jpeg?fl=res,400,300,3|shr,,20|jpg,90"
 4+1 122 m²,"Sokolova, Brno - Horní Heršpice",10350000,"https://d18-a.sdn.cz/d_18/c_img_QI_Jk/UbFb43.jpeg?fl=res,400,300,3|shr,,20|jpg,90"
 4+kt 146 m²,"Dlouhá, Praha 1 - Staré Město",25000000,"https://d18-a.sdn.cz/d_18/c_img_QN_KG/EQvBldA.jpeg?fl=res,400,300,3|shr,,20|jpg,90"
 2+kt 68 m²,"Novoveská, Teplice",4951100,"https://d18-a.sdn.cz/d_18/c_img_QM_Ks/csmBbPj.jpeg?fl=res,400,300,3|shr,,20|jpg,90"
 3+1 68 m²,"Nad Stadionem, Vrbno pod Pradědem",1490000,"https://d18-a.sdn.cz/d_18/c_img_QR_MN/7Qbw1Y.jpeg?fl=res,400,300,3|shr,,20|jpg,90"
 2+kt 59 m²,"Lázeňská, Slaný",5995250,"https://d18-a.sdn.cz/d_18/c_img_QQ_Ls/rawBgrc.jpeg?fl=res,400,300,3|shr,,20|jpg,90"
 1+kt 35 m²,"Lázeňská, Slaný",3504950,"https://d18-a.sdn.cz/d_18/c_img_QL_KC/IFuBgkc.jpeg?fl=res,400,300,3|shr,,20|jpg,90"
 2+kt 52 m²,"Lázeňská, Slaný",5455200,"https://d18-a.sdn.cz/d_18/c_img_QM_Ks/dHCBgjJ.jpeg?fl=res,400,300,3|shr,,20|jpg,90"
 5+kt 289 m² (Mezonet),"Na Dvorcích, Praha 4 - Krč",29999000,"https://d18-a.sdn.cz/d_18/c_img_gT_2/iCgEFu.jpeg?fl=res,400,300,3|shr,,20|jpg,90"
 1+kt 35 m²,"Lázeňská, Slaný",3998500,"https://d18-a.sdn.cz/d_18/c_img_QL_KC/rEOBghT.jpeg?fl=res,400,300,3|shr,,20|jpg,90"
 2+kt 48 m²,"Lázeňská, Slaný",4999000,"https://d18-a.sdn.cz/d_18/c_img_QO_LA/5djBgLC.jpeg?fl=res,400,300,3|shr,,20|jpg,90"
 2+kt 52 m²,"Lázeňská, Slaný",5495500,"https://d18-a.sdn.cz/d_18/c_img_QJ_Jx/Q4DBFWR.jpeg?fl=res,400,300,3|shr,,20|jpg,90"
 2+kt 66 m²,"Lázeňská, Slaný",6503400,"https://d18-a.sdn.cz/d_18/c_img_QO_LA/IN0BgJm.jpeg?fl=res,400,300,3|shr,,20|jpg,90"
 2+kt 55 m²,"Lázeňská, Slaný",5798040,"https://d18-a.sdn.cz/d_18/c_img_QJ_Jx/Q8fBFSx.jpeg?fl=res,400,300,3|shr,,20|jpg,90"
 4+kt 120 m²,"Lázeňská, Slaný",12916500,"https://d18-a.sdn.cz/d_18/c_img_QR_MN/hu1Bgza.jpeg?fl=res,400,300,3|shr,,20|jpg,90"
 2+kt 52 m²,"Lázeňská, Slaný",5997550,"https://d18-a.sdn.cz/d_18/c_img_QL_KC/X3UBgfT.jpeg?fl=res,400,300,3|shr,,20|jpg,90"
 2+kt 59 m²,"Lázeňská, Slaný",5837500,"https://d18-a.sdn.cz/d_18/c_img_QO_LA/d9yBgQT.jpeg?fl=res,400,300,3|shr,,20|jpg,90"
 3+kt 88 m²,"Lázeňská, Slaný",8497300,"https://d18-a.sdn.cz/d_18/c_img_QQ_Ls/Ee1BgpP.jpeg?fl=res,400,300,3|shr,,20|jpg,90"
 2+kt 60 m²,"Karlovy Vary - Rybáře, district Karlovy Vary",3740000,"https://d18-a.sdn.cz/d_18/c_img_QO_LA/fGYBDj2.jpeg?fl=res,400,300,3|shr,,20|jpg,90"
 2+kt 60 m²,"Karlovy Vary - Rybáře, district Karlovy Vary",3740000,"https://d18-a.sdn.cz/d_18/c_img_QR_MN/tRQBDxz.jpeg?fl=res,400,300,3|shr,,20|jpg,90"
 2+kt 60 m²,"Karlovy Vary - Rybáře, district Karlovy Vary",3960000,"https://d18-a.sdn.cz/d_18/c_img_QK_Jw/cmd0Ir.jpeg?fl=res,400,300,3|shr,,20|jpg,90"
 2+kt 60 m²,"Karlovy Vary - Rybáře, district Karlovy Vary",3840000,"https://d18-a.sdn.cz/d_18/c_img_QP_LN/YfC1l3.jpeg?fl=res,400,300,3|shr,,20|jpg,90"
 2+kt 60 m²,"Karlovy Vary - Rybáře, district Karlovy Vary",3730000,"https://d18-a.sdn.cz/d_18/c_img_QN_KG/A5uBEDh.jpeg?fl=res,400,300,3|shr,,20|jpg,90"
 2+kt 60 m²,"Karlovy Vary - Rybáře, district Karlovy Vary",3790000,"https://d18-a.sdn.cz/d_18/c_img_QN_KG/cmrBDjj.jpeg?fl=res,400,300,3|shr,,20|jpg,90"
 2+kt 47 m²,"Kutná Hora - Hlouška, district Kutná Hora",4294000,"https://d18-a.sdn.cz/d_18/c_img_QO_LA/7CTBDNv.jpeg?fl=res,400,300,3|shr,,20|jpg,90"
 3+kt 90 m²,"Karlovy Vary - Rybáře, district Karlovy Vary",5320000,"https://d18-a.sdn.cz/d_18/c_img_QN_KG/gfHBDdM.jpeg?fl=res,400,300,3|shr,,20|jpg,90"
 2+kt 72 m²,"Karlovy Vary - Rybáře, district Karlovy Vary",3790000,"https://d18-a.sdn.cz/d_18/c_img_QQ_Ls/UJIBDNb.jpeg?fl=res,400,300,3|shr,,20|jpg,90"
 3+kt 90 m²,"Karlovy Vary - Rybáře, district Karlovy Vary",5510000,"https://d18-a.sdn.cz/d_18/c_img_QO_LA/UUnBC83.jpeg?fl=res,400,300,3|shr,,20|jpg,90"
 2+kt 54 m²,"Kutná Hora - Hlouška, district Kutná Hora",4290000,"https://d18-a.sdn.cz/d_18/c_img_QR_MN/YlwBDfF.jpeg?fl=res,400,300,3|shr,,20|jpg,90"
 2+kt 76 m²,"Karlovy Vary - Rybáře, district Karlovy Vary",3990000,"https://d18-a.sdn.cz/d_18/c_img_QQ_Ls/73XBDNW.jpeg?fl=res,400,300,3|shr,,20|jpg,90"
 3+kt 90 m²,"Karlovy Vary - Rybáře, district Karlovy Vary",5450000,"https://d18-a.sdn.cz/d_18/c_img_QR_MN/8TvBDUo.jpeg?fl=res,400,300,3|shr,,20|jpg,90"
 3+kt 63 m²,"Kutná Hora - Hlouška, district Kutná Hora",4990000,"https://d18-a.sdn.cz/d_18/c_img_QQ_Ls/ukLBDc0.jpeg?fl=res,400,300,3|shr,,20|jpg,90"
 2+kt 47 m²,"Kutná Hora - Hlouška, district Kutná Hora",3900000,"https://d18-a.sdn.cz/d_18/c_img_QO_LA/B7TBDKi.jpeg?fl=res,400,300,3|shr,,20|jpg,90"
 2+kt 72 m²,"Karlovy Vary - Rybáře, district Karlovy Vary",3490000,"https://d18-a.sdn.cz/d_18/c_img_QP_LN/KdG27y.jpeg?fl=res,400,300,3|shr,,20|jpg,90"
 2+kt 62 m²,"Kutná Hora - Hlouška, district Kutná Hora",4160000,"https://d18-a.sdn.cz/d_18/c_img_QP_LN/xHb2Bf.jpeg?fl=res,400,300,3|shr,,20|jpg,90"
 2+kt 57 m²,"Kutná Hora - Hlouška, district Kutná Hora",4359000,"https://d18-a.sdn.cz/d_18/c_img_QI_Jr/D8wpFG.jpeg?fl=res,400,300,3|shr,,20|jpg,90"
 3+kt 100 m²,"Na Poříčí, Liberec - Liberec II-Nové Město",6490000,"https://d18-a.sdn.cz/d_18/c_img_QN_KG/WYrWlU.jpeg?fl=res,400,300,3|shr,,20|jpg,90"
 2+kt 93 m²,"Gotthardská, Praha 6 - Bubeneč",18165410,"https://d18-a.sdn.cz/d_18/c_img_QR_MN/pjd8HV.jpeg?fl=res,400,300,3|shr,,20|jpg,90"
 2+kt 60 m²,"Karlovy Vary - Rybáře, district Karlovy Vary",4090000,"https://d18-a.sdn.cz/d_18/c_img_QP_LN/sAa1Ii.jpeg?fl=res,400,300,3|shr,,20|jpg,90"
 2+kt 60 m²,"Karlovy Vary - Rybáře, district Karlovy Vary",3990000,"https://d18-a.sdn.cz/d_18/c_img_QO_LA/kuaBEmL.jpeg?fl=res,400,300,3|shr,,20|jpg,90"
 2+1 56 m²,"Sídliště, Benešov nad Ploučnicí",1999000,"https://d18-a.sdn.cz/d_18/c_img_QR_MN/jwaVMR.jpeg?fl=res,400,300,3|shr,,20|jpg,90"
 2+kt 60 m²,"Karlovy Vary - Rybáře, district Karlovy Vary",3790000,"https://d18-a.sdn.cz/d_18/c_img_QL_KC/FTUBDR9.jpeg?fl=res,400,300,3|shr,,20|jpg,90"
 2+kt 60 m²,"Karlovy Vary - Rybáře, district Karlovy Vary",3990000,"https://d18-a.sdn.cz/d_18/c_img_QL_KC/yZzBDQZ.jpeg?fl=res,400,300,3|shr,,20|jpg,90"
 1+kt 45 m²,"Kutná Hora - Hlouška, district Kutná Hora",3276000,"https://d18-a.sdn.cz/d_18/c_img_QI_Jr/7ADprO.jpeg?fl=res,400,300,3|shr,,20|jpg,90"
 2+kt 60 m²,"Karlovy Vary - Rybáře, district Karlovy Vary",3990000,"https://d18-a.sdn.cz/d_18/c_img_QP_LN/BaA1EW.jpeg?fl=res,400,300,3|shr,,20|jpg,90"
 2+kt 55 m²,"Kutná Hora - Hlouška, district Kutná Hora",3674000,"https://d18-a.sdn.cz/d_18/c_img_QN_KG/O5YBFFq.jpeg?fl=res,400,300,3|shr,,20|jpg,90"
 2+kt 61 m²,"Kutná Hora - Hlouška, district Kutná Hora",4160000,"https://d18-a.sdn.cz/d_18/c_img_QR_MN/O57BE07.jpeg?fl=res,400,300,3|shr,,20|jpg,90"
 2+kt 55 m²,"Kutná Hora - Hlouška, district Kutná Hora",3567000,"https://d18-a.sdn.cz/d_18/c_img_QL_KC/709BEw6.jpeg?fl=res,400,300,3|shr,,20|jpg,90"
 2+kt 61 m²,"Kutná Hora - Hlouška, district Kutná Hora",4185000,"https://d18-a.sdn.cz/d_18/c_img_QQ_Ls/tszBE1S.jpeg?fl=res,400,300,3|shr,,20|jpg,90"
 1+kt 40 m²,"Liberec - Liberec III-Jeřáb, district Liberec",4224920,"https://d18-a.sdn.cz/d_18/c_img_QO_LA/TBlBEwf.jpeg?fl=res,400,300,3|shr,,20|jpg,90"
 1+kt 38 m²,"Liberec - Liberec III-Jeřáb, district Liberec",4010138,"https://d18-a.sdn.cz/d_18/c_img_QN_KG/FzuBFTE.jpeg?fl=res,400,300,3|shr,,20|jpg,90"
 2+kt 48 m²,"Liberec - Liberec III-Jeřáb, district Liberec",5067384,"https://d18-a.sdn.cz/d_18/c_img_QL_KC/YEdBFEN.jpeg?fl=res,400,300,3|shr,,20|jpg,90"
 1+kt 33 m²,"Liberec - Liberec III-Jeřáb, district Liberec",3360168,"https://d18-a.sdn.cz/d_18/c_img_QO_LA/rPxBExH.jpeg?fl=res,400,300,3|shr,,20|jpg,90"
 2+kt 40 m²,"Na Petynce, Praha 6 - Břevnov",6600000,"https://d18-a.sdn.cz/d_18/c_img_QI_Jr/3BiBDOq.jpeg?fl=res,400,300,3|shr,,20|jpg,90"
 2+kt 42 m²,"Sinkulova, Praha 4 - Nusle",5580000,"https://d18-a.sdn.cz/d_18/c_img_QL_KC/Cwu6g8.jpeg?fl=res,400,300,3|shr,,20|jpg,90"
 3+kt 102 m²,"Na pokraji, Praha 9 - Prosek",16300000,"https://d18-a.sdn.cz/d_18/c_img_QK_Jw/hi4BKAv.jpeg?fl=res,400,300,3|shr,,20|jpg,90"
 2+kt 60 m²,"Komárovská, Brno - Komárov",7101181,"https://d18-a.sdn.cz/d_18/c_img_gU_z/TCSaKz.jpeg?fl=res,400,300,3|shr,,20|jpg,90"
 3+kt 86 m²,"Kvildská, Praha 5 - Smíchov",15621377,"https://d18-a.sdn.cz/d_18/c_img_QR_MK/pkkBcem.jpeg?fl=res,400,300,3|shr,,20|jpg,90"
 3+kt 76 m²,"Zimova, Praha 4 - Kamýk",10255118,"https://d18-a.sdn.cz/d_18/c_img_gU_p/5QUB7Xe.jpeg?fl=res,400,300,3|shr,,20|jpg,90"
 2+kt 62 m²,"Kvildská, Praha 5 - Smíchov",11810490,"https://d18-a.sdn.cz/d_18/c_img_QL_J9/tdYBcY8.jpeg?fl=res,400,300,3|shr,,20|jpg,90"
 2+kt 51 m²,"Zimova, Praha 4 - Kamýk",7571452,"https://d18-a.sdn.cz/d_18/c_img_gX_p/R5Fx4Y.jpeg?fl=res,400,300,3|shr,,20|jpg,90"
 2+kt 54 m²,"Zimova, Praha 4 - Kamýk",7601981,"https://d18-a.sdn.cz/d_18/c_img_QI_Ja/ETnB50B.jpeg?fl=res,400,300,3|shr,,20|jpg,90"
 4+kt 116 m²,"Pod Hrachovkou, Praha 7 - Troja",24654325,"https://d18-a.sdn.cz/d_18/c_img_gV_r/R8Dhkb.jpeg?fl=res,400,300,3|shr,,20|jpg,90"
 4+kt 102 m²,"Pod Hrachovkou, Praha 7 - Troja",29215844,"https://d18-a.sdn.cz/d_18/c_img_gZ_r/QKTBzEV.jpeg?fl=res,400,300,3|shr,,20|jpg,90"
 1+kt 33 m²,"Kvildská, Praha 5 - Smíchov",5838521,"https://d18-a.sdn.cz/d_18/c_img_QP_LH/W8mBIg9.jpeg?fl=res,400,300,3|shr,,20|jpg,90"
 2+kt 54 m²,"Zimova, Praha 4 - Kamýk",7619133,"https://d18-a.sdn.cz/d_18/c_img_QO_Ks/NO9pGB.jpeg?fl=res,400,300,3|shr,,20|jpg,90"
 4+kt 116 m²,"Pod Hrachovkou, Praha 7 - Troja",29245897,"https://d18-a.sdn.cz/d_18/c_img_gX_q/N8sYPV.jpeg?fl=res,400,300,3|shr,,20|jpg,90"
 3+kt 71 m²,"Zimova, Praha 4 - Kamýk",9504253,"https://d18-a.sdn.cz/d_18/c_img_gZ_q/aplyHL.jpeg?fl=res,400,300,3|shr,,20|jpg,90"
 2+kt 55 m²,"Pod Hrachovkou, Praha 7 - Troja",11095236,"https://d18-a.sdn.cz/d_18/c_img_QN_KB/wpJBZBA.jpeg?fl=res,400,300,3|shr,,20|jpg,90"
 3+kt 70 m²,"Kvildská, Praha 5 - Smíchov",11192217,"https://d18-a.sdn.cz/d_18/c_img_QL_J9/eVgBIq0.jpeg?fl=res,400,300,3|shr,,20|jpg,90"
 2+kt 49 m²,"Kvildská, Praha 5 - Smíchov",7871795,"https://d18-a.sdn.cz/d_18/c_img_QI_Jl/tXOTO5.jpeg?fl=res,400,300,3|shr,,20|jpg,90"
 2+kt 56 m²,"Stromovka, Havlíčkův Brod",3866000,"https://d18-a.sdn.cz/d_18/c_img_QR_MN/hhLBlOC.jpeg?fl=res,400,300,3|shr,,20|jpg,90"
 2+kt 139 m²,"Prokopa Velikého, Brno - Líšeň",9255000,"https://d18-a.sdn.cz/d_18/c_img_QR_MJ/TAIKeX.jpeg?fl=res,400,300,3|shr,,20|jpg,90"
 1+kt 52 m²,"Nádražní, Slavkov u Brna",3909865,"https://d18-a.sdn.cz/d_18/c_img_QO_LA/bn0BcwC.jpeg?fl=res,400,300,3|shr,,20|jpg,90"
 3+kt 91 m²,"Nádražní, Slavkov u Brna",6266030,"https://d18-a.sdn.cz/d_18/c_img_QK_Jw/l7IBPYS.jpeg?fl=res,400,300,3|shr,,20|jpg,90"
 2+kt 65 m²,"Divadelní, Praha 1 - Staré Město",14932000,"https://d18-a.sdn.cz/d_18/c_img_QL_KC/HUsBYk6.jpeg?fl=res,400,300,3|shr,,20|jpg,90"
 2+kt 63 m²,"Chřibská, Praha 8 - Ďáblice",6891000,"https://d18-a.sdn.cz/d_18/c_img_QP_LG/6OSkYb.jpeg?fl=res,400,300,3|shr,,20|jpg,90"
 1+kt 31 m²,"Malá Štěpánská, Praha 2 - Nové Město",6491000,"https://d18-a.sdn.cz/d_18/c_img_gW_z/9F0CSq.mpo?fl=res,400,300,3|shr,,20|jpg,90"
 4+1 138 m²,"Divadelní, Praha 1 - Staré Město",53683000,"https://d18-a.sdn.cz/d_18/c_img_QI_Jr/kSt6aG.jpeg?fl=res,400,300,3|shr,,20|jpg,90"
 2+kt 67 m²,"Gogolova, Praha 1 - Hradčany",15931000,"https://d18-a.sdn.cz/d_18/c_img_QM_Ks/SyeBYgB.jpeg?fl=res,400,300,3|shr,,20|jpg,90"
 4+kt 140 m² (Mezonet),"Pod třešněmi, Praha 5 - Hlubočepy",22500000,"https://d18-a.sdn.cz/d_18/c_img_QP_LH/gULfGB.mpo?fl=res,400,300,3|shr,,20|jpg,90"
 2+kt 66 m²,"Lumiérů, Praha 5 - Hlubočepy",7931000,"https://d18-a.sdn.cz/d_18/c_img_QQ_Ls/dESBbiG.jpeg?fl=res,400,300,3|shr,,20|jpg,90"
 3+kt 103 m²,"Malá Štěpánská, Praha 2 - Nové Město",16691000,"https://d18-a.sdn.cz/d_18/c_img_QO_LA/MVPFJJ.mpo?fl=res,400,300,3|shr,,20|jpg,90"
 1+kt 29 m²,"Radlická, Praha 5 - Smíchov",4891000,"https://d18-a.sdn.cz/d_18/c_img_gV_2/7bPHty.jpeg?fl=res,400,300,3|shr,,20|jpg,90"
 2+kt 52 m²,"Československého exilu, Praha 4 - Modřany",10859000,"https://d18-a.sdn.cz/d_18/c_img_QO_LA/B2NBUqz.jpeg?fl=res,400,300,3|shr,,20|jpg,90"
 2+kt 63 m²,"V Lázních, Jesenice",4990000,"https://d18-a.sdn.cz/d_18/c_img_QK_Jw/d91BPcA.jpeg?fl=res,400,300,3|shr,,20|jpg,90"
 3+1 87 m²,"dr. Zikmunda Wintra, Praha 6 - Bubeneč",11990000,"https://d18-a.sdn.cz/d_18/c_img_QI_Jr/XKVNyO.jpeg?fl=res,400,300,3|shr,,20|jpg,90"
 3+kt 83 m²,"Na chobotě, Praha 6 - Řepy",6490000,"https://d18-a.sdn.cz/d_18/c_img_gW_z/qqdPev.jpeg?fl=res,400,300,3|shr,,20|jpg,90"
 2+kt 50 m²,"Milánská, Praha 10 - Horní Měcholupy",4995000,"https://d18-a.sdn.cz/d_18/c_img_gQ_0/MNXHyz.jpeg?fl=res,400,300,3|shr,,20|jpg,90"
 3+kt 93 m²,"Lučištníků, Praha",17232732,"https://d18-a.sdn.cz/d_18/c_img_QR_MN/WGG8Fa.jpeg?fl=res,400,300,3|shr,,20|jpg,90"
 2+kt 52 m²,"Krátká, Tursko",6490000,"https://d18-a.sdn.cz/d_18/c_img_QQ_Lm/agHBQEW.jpeg?fl=res,400,300,3|shr,,20|jpg,90"
 3+1 85 m²,"Děčínská, Praha 9 - Střížkov",6695000,"https://d18-a.sdn.cz/d_18/c_img_QQ_Ls/POkynh.jpeg?fl=res,400,300,3|shr,,20|jpg,90"
 3+kt 75 m²,"Maternova, Kojetice",7790000,"https://d18-a.sdn.cz/d_18/c_img_QJ_Jx/N6agR2.jpeg?fl=res,400,300,3|shr,,20|jpg,90"
 2+kt 30 m²,"Na Okruhu, Praha 4 - Písnice",4400000,"https://d18-a.sdn.cz/d_18/c_img_QI_Jr/q8qZmr.jpeg?fl=res,400,300,3|shr,,20|jpg,90"
 2+kt 53 m²,"Jateční, Praha 7 - Holešovice",7699000,"https://d18-a.sdn.cz/d_18/c_img_QN_KG/xn6BbhF.jpeg?fl=res,400,300,3|shr,,20|jpg,90"
 4+kt 171 m²,"Na vysoké I, Praha 5 - Radlice",22495000,"https://d18-a.sdn.cz/d_18/c_img_QR_MJ/I6XO7y.jpeg?fl=res,400,300,3|shr,,20|jpg,90"
 5+1 202 m²,"Jiráskovo nábřeží, Lázně Bělohrad",6800000,"https://d18-a.sdn.cz/d_18/c_img_QO_LA/DdOBRAn.jpeg?fl=res,400,300,3|shr,,20|jpg,90"
 2+kt 48 m²,"V Cihelně, Červené Pečky",3042000,"https://d18-a.sdn.cz/d_18/c_img_QI_Jq/BOaNvW.jpeg?fl=res,400,300,3|shr,,20|jpg,90"
 2+kt 72 m²,"Komárovská, Brno - Komárov",8973032,"https://d18-a.sdn.cz/d_18/c_img_QP_LN/V0skDm.jpeg?fl=res,400,300,3|shr,,20|jpg,90"
 2+1 54 m²,"Brjanská, Kladno",3990900,"https://d18-a.sdn.cz/d_18/c_img_gZ_0/S9iYUZ.jpeg?fl=res,400,300,3|shr,,20|jpg,90"
 4+kt 140 m²,"Komárovská, Brno - Komárov",18320177,"https://d18-a.sdn.cz/d_18/c_img_gV_2/IwKaGX.jpeg?fl=res,400,300,3|shr,,20|jpg,90"
 4+kt 121 m² (Mezonet),"Božetěchova, Praha 4 - Nusle",14500000,"https://d18-a.sdn.cz/d_18/c_img_QJ_Ju/wVZoIV.jpeg?fl=res,400,300,3|shr,,20|jpg,90"
 3+1 70 m²,"Brněnská, Česká Lípa",2349000,"https://d18-a.sdn.cz/d_18/c_img_QR_MN/P8DBGD3.jpeg?fl=res,400,300,3|shr,,20|jpg,90"
 1+kt 31 m²,"Komárovská, Brno - Komárov",4796980,"https://d18-a.sdn.cz/d_18/c_img_QP_LN/aGZkES.jpeg?fl=res,400,300,3|shr,,20|jpg,90"
 2+kt 69 m²,"Lodžská, Praha 8 - Bohnice",7594730,"https://d18-a.sdn.cz/d_18/c_img_gV_1/u5CHWJ.jpeg?fl=res,400,300,3|shr,,20|jpg,90"
 1+kt 48 m²,"Scheinerova, Brno - Líšeň",4242000,"https://d18-a.sdn.cz/d_18/c_img_QN_KG/zr3BJwz.jpeg?fl=res,400,300,3|shr,,20|jpg,90"
 2+kt 52 m²,"Bělomlýnská, Praha - Praha-Čakovice",6467000,"https://d18-a.sdn.cz/d_18/c_img_gS_0/jCVSfk.jpeg?fl=res,400,300,3|shr,,20|jpg,90"
 1+1 53 m²,"Slovákova, Brno - Veveří",6479000,"https://d18-a.sdn.cz/d_18/c_img_QL_KC/62lBPCR.jpeg?fl=res,400,300,3|shr,,20|jpg,90"
 1+kt 39 m²,"Pplk. Sochora, Praha 7 - Holešovice",4990000,"https://d18-a.sdn.cz/d_18/c_img_QL_KC/DSjBY6V.jpeg?fl=res,400,300,3|shr,,20|jpg,90"
 3+1 101 m²,"Příkop, Brno - Zábrdovice",8447000,"https://d18-a.sdn.cz/d_18/c_img_QP_LN/mfTBJol.jpeg?fl=res,400,300,3|shr,,20|jpg,90"
 2+kt 40 m²,"Rudolfa Hrušínského, Česká Lípa",2490000,"https://d18-a.sdn.cz/d_18/c_img_gV_2/yoGVql.jpeg?fl=res,400,300,3|shr,,20|jpg,90"
 3+kt 85 m²,"Kollárova, Brno - Královo Pole",10570000,"https://d18-a.sdn.cz/d_18/c_img_QL_KC/M3CBeIA.jpeg?fl=res,400,300,3|shr,,20|jpg,90"
 2+kt 70 m²,"Nádražní, Slavkov u Brna",4885675,"https://d18-a.sdn.cz/d_18/c_img_QN_KG/SP0BdZQ.jpeg?fl=res,400,300,3|shr,,20|jpg,90"
 3+1 83 m²,"Riegrova, Příbram - Příbram I",3998000,"https://d18-a.sdn.cz/d_18/c_img_QL_KA/goQahs.jpeg?fl=res,400,300,3|shr,,20|jpg,90"
 3+kt 76 m²,"Laudonova, Praha 10 - Štěrboholy",8730000,"https://d18-a.sdn.cz/d_18/c_img_QP_LN/rvxBQxp.jpeg?fl=res,400,300,3|shr,,20|jpg,90"
 2+kt 47 m²,"Vlkova, Brno - Líšeň",4398000,"https://d18-a.sdn.cz/d_18/c_img_QQ_Ls/WDHBlJd.jpeg?fl=rot,180,0|res,400,300,3|shr,,20|jpg,90"
 2+kt 57 m²,"Bělomlýnská, Praha - Praha-Čakovice",7519000,"https://d18-a.sdn.cz/d_18/c_img_QL_KC/q9EicY.jpeg?fl=res,400,300,3|shr,,20|jpg,90"
 3+kt 56 m² (Single-storey),"Nádražní, Kralupy nad Vltavou",5894600,"https://d18-a.sdn.cz/d_18/c_img_QK_Jw/l4kBXYa.jpeg?fl=res,400,300,3|shr,,20|jpg,90"
 2+1 46 m²,"Revoluční, Rýmařov",1300000,"https://d18-a.sdn.cz/d_18/c_img_gT_4/R8bBKq.jpeg?fl=res,400,300,3|shr,,20|jpg,90"
 2+1 55 m²,"Hlinky, Brno - Staré Brno",6690000,"https://d18-a.sdn.cz/d_18/c_img_gZ_0/ENvabF.jpeg?fl=res,400,300,3|shr,,20|jpg,90"
 3+1 68 m²,"Pavlouskova, Ostrava - Poruba",2950000,"https://d18-a.sdn.cz/d_18/c_img_QL_KC/oqKDRB.mpo?fl=res,400,300,3|shr,,20|jpg,90"
 2+1 57 m²,"Židlochovice, district Brno-venkov",4180000,"https://d18-a.sdn.cz/d_18/c_img_QQ_Ls/pLP6Et.jpeg?fl=res,400,300,3|shr,,20|jpg,90"
 1+kt 51 m²,"Nad Šutkou, Praha 8 - Kobylisy",6661377,"https://d18-a.sdn.cz/d_18/c_img_QL_KC/W0RBa2A.jpeg?fl=res,400,300,3|shr,,20|jpg,90"
 3+kt 73 m²,"Bělomlýnská, Praha - Praha-Čakovice",8877000,"https://d18-a.sdn.cz/d_18/c_img_gR_0/3s3S7L.jpeg?fl=res,400,300,3|shr,,20|jpg,90"
 3+kt 74 m²,"Bellušova, Praha 5 - Stodůlky",6500000,"https://d18-a.sdn.cz/d_18/c_img_QJ_Jx/5VKBJqL.jpeg?fl=res,400,300,3|shr,,20|jpg,90"
 2+kt 59 m²,"Anenské náměstí, Jablonec nad Nisou",2670000,"https://d18-a.sdn.cz/d_18/c_img_QN_KG/RRTBleZ.jpeg?fl=res,400,300,3|shr,,20|jpg,90"
 2+kt 45 m²,"Jana Palacha, Mladá Boleslav - Mladá Boleslav II",3990000,"https://d18-a.sdn.cz/d_18/c_img_gR_0/bcLDRV.jpeg?fl=res,400,300,3|shr,,20|jpg,90"
 3+1 74 m²,"Dr. M. Tyrše, Frýdek-Místek - Frýdek",2780000,"https://d18-a.sdn.cz/d_18/c_img_QQ_Ls/rkWBlKD.jpeg?fl=res,400,300,3|shr,,20|jpg,90"
 2+kt 67 m²,"Malátova, Praha 5 - Smíchov",15990000,"https://d18-a.sdn.cz/d_18/c_img_QP_LN/cA1BO5V.jpeg?fl=res,400,300,3|shr,,20|jpg,90"
 2+kt 52 m²,"Harrachov - Nový Svět, district Jablonec nad Nisou",6950000,"https://d18-a.sdn.cz/d_18/c_img_QR_MN/9euBL9d.jpeg?fl=res,400,300,3|shr,,20|jpg,90"
 3+1 66 m²,"Dürerova, Praha 10 - Strašnice",5995000,"https://d18-a.sdn.cz/d_18/c_img_QK_Jw/uX7oPs.jpeg?fl=res,400,300,3|shr,,20|jpg,90"
 4+kt 205 m²,"Listnatá, Brno - Žebětín",15900000,"https://d18-a.sdn.cz/d_18/c_img_gT_4/GGkHYR.jpeg?fl=res,400,300,3|shr,,20|jpg,90"
 2+kt 53 m²,"K Beranovu, Praha 8 - Dolní Chabry",5899000,"https://d18-a.sdn.cz/d_18/c_img_QR_MN/NuaBhVJ.jpeg?fl=res,400,300,3|shr,,20|jpg,90"
 3+1 79 m²,"Na Okruhu, Praha 4 - Písnice",8200000,"https://d18-a.sdn.cz/d_18/c_img_QO_LA/1wZBh9y.jpeg?fl=res,400,300,3|shr,,20|jpg,90"
 5+kt 112 m² (Mezonet),"Palackého, Dobřichovice",9650000,"https://d18-a.sdn.cz/d_18/c_img_QO_LA/OpPqOo.jpeg?fl=res,400,300,3|shr,,20|jpg,90"
 2+1 61 m²,"Budovatelská, Ostrava - Poruba",2490000,"https://d18-a.sdn.cz/d_18/c_img_gX_z/fvvJmz.jpeg?fl=res,400,300,3|shr,,20|jpg,90"
 3+kt 71 m²,"Komárovská, Brno - Komárov",8128381,"https://d18-a.sdn.cz/d_18/c_img_QL_KC/1zXwcA.jpeg?fl=res,400,300,3|shr,,20|jpg,90"
 1+kt 135 m²,"Stará, Nová Bystřice",4253786,"https://d18-a.sdn.cz/d_18/c_img_QM_Ks/rwtME6.jpeg?fl=res,400,300,3|shr,,20|jpg,90"
 2+kt 61 m²,"Františka Kováříka, Plzeň - Skvrňany",5635544,"https://d18-a.sdn.cz/d_18/c_img_QJ_Ju/bY7BAK5.jpeg?fl=res,400,300,3|shr,,20|jpg,90"
 2+kt 62 m²,"Františka Kováříka, Plzeň - Skvrňany",6744643,"https://d18-a.sdn.cz/d_18/c_img_QJ_Ju/UkXBAPg.jpeg?fl=res,400,300,3|shr,,20|jpg,90"
 3+kt 84 m²,"Bělomlýnská, Praha - Praha-Čakovice",10302000,"https://d18-a.sdn.cz/d_18/c_img_QQ_Ls/8w5hZA.jpeg?fl=res,400,300,3|shr,,20|jpg,90"
 2+1 78 m²,"Soukenická, Praha 1 - Nové Město",13990000,"https://d18-a.sdn.cz/d_18/c_img_QQ_Ls/HqWBixq.jpeg?fl=res,400,300,3|shr,,20|jpg,90"
 4+kt 160 m² (Attic),"Nekázanka, Praha - Nové Město",39900000,"https://d18-a.sdn.cz/d_18/c_img_gY_z/5xDDut.jpeg?fl=res,400,300,3|shr,,20|jpg,90"
 3+1 110 m²,"Bayerova, Brno - Veveří",10000000,"https://d18-a.sdn.cz/d_18/c_img_QI_Jr/gVaBL05.jpeg?fl=res,400,300,3|shr,,20|jpg,90"
 2+1 58 m²,"Dubová, Brno - Jundrov",5690000,"https://d18-a.sdn.cz/d_18/c_img_QI_Jr/hveBLy7.jpeg?fl=res,400,300,3|shr,,20|jpg,90"
 1+1 37 m²,"Peškova, Ústí nad Labem - Mojžíř",899999,"https://d18-a.sdn.cz/d_18/c_img_gQ_0/9sdTA6.jpeg?fl=res,400,300,3|shr,,20|jpg,90"
 3+1 67 m²,"Na Výšině, Ústí nad Labem - Neštěmice",1599000,"https://d18-a.sdn.cz/d_18/c_img_gT_4/ES7FEo.jpeg?fl=res,400,300,3|shr,,20|jpg,90"
 3+1 70 m²,"Klostermannova, Děčín - Děčín VI-Letná",2799000,"https://d18-a.sdn.cz/d_18/c_img_QQ_Ls/ELSBT9U.jpeg?fl=res,400,300,3|shr,,20|jpg,90"
 2+kt 53 m²,"Pod Juliskou, Praha 6 - Dejvice",9632000,"https://d18-a.sdn.cz/d_18/c_img_QQ_Ls/If4BUG5.jpeg?fl=res,400,300,3|shr,,20|jpg,90"
 2+kt 53 m²,"Pod Juliskou, Praha 6 - Dejvice",11133000,"https://d18-a.sdn.cz/d_18/c_img_gV_1/pK8fF.jpeg?fl=res,400,300,3|shr,,20|jpg,90"
 2+kt 54 m²,"Pod Juliskou, Praha 6 - Dejvice",10032800,"https://d18-a.sdn.cz/d_18/c_img_QJ_Js/FhGFhe.jpeg?fl=res,400,300,3|shr,,20|jpg,90"
 2+1 50 m²,"Chroboly, district Prachatice",2200000,"https://d18-a.sdn.cz/d_18/c_img_QN_KG/mlGBI0s.jpeg?fl=res,400,300,3|shr,,20|jpg,90"
 2+1 62 m²,"Rybářská, Brno - Brno-střed",5999000,"https://d18-a.sdn.cz/d_18/c_img_QM_Ks/QfgBi4q.jpeg?fl=res,400,300,3|shr,,20|jpg,90"
 2+kt 61 m²,"Krkonošská, Jablonec nad Nisou - Kokonín",4645000,"https://d18-a.sdn.cz/d_18/c_img_gT_r/D1bBMh1.jpeg?fl=res,400,300,3|shr,,20|jpg,90"
 unusual 108 m²,"Tilhonova, Brno - Slatina",10990000,"https://d18-a.sdn.cz/d_18/c_img_gQ_0/oGDUSP.jpeg?fl=res,400,300,3|shr,,20|jpg,90"
 3+1 80 m²,"Mládežnická, Nymburk",3790000,"https://d18-a.sdn.cz/d_18/c_img_gV_2/VlyLcp.jpeg?fl=res,400,300,3|shr,,20|jpg,90"
 3+kt 77 m²,"Vašátkova, Praha 9 - Černý Most",7100000,"https://d18-a.sdn.cz/d_18/c_img_QJ_Jx/tlYXGT.jpeg?fl=res,400,300,3|shr,,20|jpg,90"
 4+1 78 m²,"Sídliště Za Chlumem, Bílina - Teplické Předměstí",1890000,"https://d18-a.sdn.cz/d_18/c_img_QN_KG/VFzBlLf.jpeg?fl=res,400,300,3|shr,,20|jpg,90"
 2+1 63 m²,"Kyjevská, Děčín - Děčín IX-Bynov",2350000,"https://d18-a.sdn.cz/d_18/c_img_QK_Jw/bWztdf.jpeg?fl=res,400,300,3|shr,,20|jpg,90"
 3+1 67 m²,"Na Pěšině, Děčín - Děčín IX-Bynov",2390000,"https://d18-a.sdn.cz/d_18/c_img_QQ_Ls/Eqf7Iz.jpeg?fl=res,400,300,3|shr,,20|jpg,90"
 2+1 60 m²,"U Stadionu, Mladá Boleslav - Mladá Boleslav II",3690000,"https://d18-a.sdn.cz/d_18/c_img_QM_Ks/zRSBk5w.jpeg?fl=res,400,300,3|shr,,20|jpg,90"
 1+kt 30 m²,"Jana Masaryka, Hradec Králové - Nový Hradec Králové",3275000,"https://d18-a.sdn.cz/d_18/c_img_QL_KC/wpkBk5T.jpeg?fl=res,400,300,3|shr,,20|jpg,90"
 2+1 65 m²,"Liberecká, Hrádek nad Nisou",2999000,"https://d18-a.sdn.cz/d_18/c_img_QJ_Ju/Io8zvV.jpeg?fl=res,400,300,3|shr,,20|jpg,90"
 2+1 56 m²,"Malá Janovská, Jablonec nad Nisou - Rýnovice",3350000,"https://d18-a.sdn.cz/d_18/c_img_QL_KA/iYYbII.jpeg?fl=res,400,300,3|shr,,20|jpg,90"
 2+kt 53 m²,"Věry Pánkové, Olomouc - Nové Sady",6825000,"https://d18-a.sdn.cz/d_18/c_img_gT_4/SBYDzG.jpeg?fl=res,400,300,3|shr,,20|jpg,90"
 1+kt 40 m²,"Kotkova, Znojmo",1,"https://d18-a.sdn.cz/d_18/c_img_QP_LN/1XNVuM.jpeg?fl=res,400,300,3|shr,,20|jpg,90"
 4+kt 147 m²,"Kotkova, Znojmo",1,"https://d18-a.sdn.cz/d_18/c_img_QJ_Jx/snbGny.jpeg?fl=res,400,300,3|shr,,20|jpg,90"
Auction apartment 3+1 66 m²,"J. Š. Baara, České Budějovice - České Budějovice 3",448000,"https://d18-a.sdn.cz/d_18/c_img_QI_Jr/v6DBLsQ.jpeg?fl=res,400,300,3|shr,,20|jpg,90"
 2+kt 130 m²,"Keltská, Praha 4 - Točná",7250000,"https://d18-a.sdn.cz/d_18/c_img_QP_LN/LP5DFW.jpeg?fl=res,400,300,3|shr,,20|jpg,90"
 3+1 72 m²,"Dvořákova, Frýdlant",3300000,"https://d18-a.sdn.cz/d_18/c_img_QQ_Ls/3JrBlB7.jpeg?fl=res,400,300,3|shr,,20|jpg,90"
 1+kt 33 m²,"Hlučkova, Praha 9 - Letňany",4300000,"https://d18-a.sdn.cz/d_18/c_img_QO_LA/tOtBkZt.jpeg?fl=res,400,300,3|shr,,20|jpg,90"
 1+kt 47 m²,"Arménská, Kladno - Kročehlavy",3641220,"https://d18-a.sdn.cz/d_18/c_img_QN_KG/2p8Bj2L.jpeg?fl=res,400,300,3|shr,,20|jpg,90"
 2+kt 64 m²,"J. Wolkera, Kralupy nad Vltavou - Lobeček",7362782,"https://d18-a.sdn.cz/d_18/c_img_QI_Jr/03tBC5n.jpeg?fl=res,400,300,3|shr,,20|jpg,90"
 2+1 58 m²,"Okružní, Třebíč - Borovina",2990000,"https://d18-a.sdn.cz/d_18/c_img_QQ_Ls/eLjBknd.jpeg?fl=res,400,300,3|shr,,20|jpg,90"
 3+kt 83 m² (Single-storey),"Senovážné náměstí, Praha 1 - Nové Město",1,"https://d18-a.sdn.cz/d_18/c_img_QJ_Jx/zb5BJMi.jpeg?fl=res,400,300,3|shr,,20|jpg,90"
 2+1 54 m²,"Čeloudova, Třebíč - Horka-Domky",3350000,"https://d18-a.sdn.cz/d_18/c_img_QP_LN/bHBBYcW.jpeg?fl=res,400,300,3|shr,,20|jpg,90"
 4+kt 143 m²,"Chlumec nad Cidlinou - Kladruby, district Hradec Králové",7685500,"https://d18-a.sdn.cz/d_18/c_img_QN_KG/ouBBk1I.jpeg?fl=res,400,300,3|shr,,20|jpg,90"
 1+kt 28 m²,"Bzenecká, Plzeň - Severní Předměstí",2190000,"https://d18-a.sdn.cz/d_18/c_img_QK_Jw/v5869.jpeg?fl=res,400,300,3|shr,,20|jpg,90"
 3+1 87 m²,"Blatnice, district Třebíč",2000000,"https://d18-a.sdn.cz/d_18/c_img_gX_0/jZQJuR.jpeg?fl=res,400,300,3|shr,,20|jpg,90"
 3+kt 79 m²,"Barvířova, Jílové u Prahy",6749000,"https://d18-a.sdn.cz/d_18/c_img_QP_LG/q8FfXa.jpeg?fl=res,400,300,3|shr,,20|jpg,90"
 2+1 53 m²,"Za Pohořelcem, Praha - Střešovice",6850000,"https://d18-a.sdn.cz/d_18/c_img_QP_LN/zLSBMxq.jpeg?fl=res,400,300,3|shr,,20|jpg,90"
 2+kt 43 m²,"Náměstí Svobody, Rejštejn",3000000,"https://d18-a.sdn.cz/d_18/c_img_QJ_Jx/5huBJIs.jpeg?fl=res,400,300,3|shr,,20|jpg,90"
 1+kt 24 m²,"Náměstí Svobody, Rejštejn",2300000,"https://d18-a.sdn.cz/d_18/c_img_QP_LN/7WmBYWJ.jpeg?fl=res,400,300,3|shr,,20|jpg,90"
 1+1 35 m²,"Olomouc - Holice, district Olomouc",2690000,"https://d18-a.sdn.cz/d_18/c_img_QQ_Lq/6HAcK7.jpeg?fl=res,400,300,3|shr,,20|jpg,90"
 3+1 75 m²,"sídl. Svobody, Prostějov",3090000,"https://d18-a.sdn.cz/d_18/c_img_QJ_Jq/DAaU4e.jpeg?fl=res,400,300,3|shr,,20|jpg,90"
 1+kt 30 m²,"Náměstí Svobody, Rejštejn",2950000,"https://d18-a.sdn.cz/d_18/c_img_QQ_Ls/4EjBkgt.jpeg?fl=res,400,300,3|shr,,20|jpg,90"
 5+kt 86 m²,"Náměstí Svobody, Rejštejn",4250000,"https://d18-a.sdn.cz/d_18/c_img_QN_KG/vxQBkw4.jpeg?fl=res,400,300,3|shr,,20|jpg,90"
 1+kt 38 m²,"Náměstí Svobody, Rejštejn",3050000,"https://d18-a.sdn.cz/d_18/c_img_QN_KG/oZSBkwC.jpeg?fl=res,400,300,3|shr,,20|jpg,90"
 4+kt 89 m²,"Anglická, Kladno - Kročehlavy",5500000,"https://d18-a.sdn.cz/d_18/c_img_QQ_Ls/aahBkfE.jpeg?fl=res,400,300,3|shr,,20|jpg,90"
 3+kt 126 m²,"Dostalové, Praha 5 - Hlubočepy",12100000,"https://d18-a.sdn.cz/d_18/c_img_QK_Jq/uJAB2XG.jpeg?fl=res,400,300,3|shr,,20|jpg,90"
 2+kt 57 m²,"U Stadionu, Mladá Boleslav - Mladá Boleslav II",16000,"https://d18-a.sdn.cz/d_18/c_img_QM_Ks/XlKBkcX.jpeg?fl=res,400,300,3|shr,,20|jpg,90"
 3+1 75 m²,"Hnězdenská, Praha 8 - Troja",7990000,"https://d18-a.sdn.cz/d_18/c_img_QK_Jw/mIbBTKb.jpeg?fl=res,400,300,3|shr,,20|jpg,90"
 3+1 71 m²,"9. května, Pletený Újezd",4190000,"https://d18-a.sdn.cz/d_18/c_img_gY_z/98bIH9.jpeg?fl=res,400,300,3|shr,,20|jpg,90"
 2+1 52 m²,"Krhanická, Praha 4 - Kamýk",5270000,"https://d18-a.sdn.cz/d_18/c_img_QQ_Ls/ByPBkd7.jpeg?fl=res,400,300,3|shr,,20|jpg,90"
 3+kt 127 m²,"Za Kovárnou, Praha 10 - Dolní Měcholupy",9990000,"https://d18-a.sdn.cz/d_18/c_img_QL_KC/GA73B2.jpeg?fl=res,400,300,3|shr,,20|jpg,90"
 2+kt 47 m²,"Máchova, Jablonné v Podještědí",3174000,"https://d18-a.sdn.cz/d_18/c_img_QP_LN/KRGBYSI.jpeg?fl=res,400,300,3|shr,,20|jpg,90"
 2+1 56 m²,"Na Kopečku, Znojmo",3180000,"https://d18-a.sdn.cz/d_18/c_img_QJ_Jx/6wgBJDv.jpeg?fl=res,400,300,3|shr,,20|jpg,90"
 2+kt 60 m²,"Musílkova, Praha 5 - Košíře",7690000,"https://d18-a.sdn.cz/d_18/c_img_QP_LN/8NbW3V.jpeg?fl=res,400,300,3|shr,,20|jpg,90"
 1+kt 45 m² (Mezonet),"Kolbenova, Praha 9 - Vysočany",9872000,"https://d18-a.sdn.cz/d_18/c_img_QK_Jw/w6ABWsJ.jpeg?fl=res,400,300,3|shr,,20|jpg,90"
 5+kt 175 m²,"Lužická, Praha 2 - Vinohrady",19900000,"https://d18-a.sdn.cz/d_18/c_img_gY_z/if3Slf.jpeg?fl=res,400,300,3|shr,,20|jpg,90"
 5+kt 165 m²,"Edisonova, Praha 10 - Petrovice",16200000,"https://d18-a.sdn.cz/d_18/c_img_QL_KA/JOoBA39.jpeg?fl=res,400,300,3|shr,,20|jpg,90"
 3+kt 79 m²,"Komenského, Ostrava - Poruba",5350000,"https://d18-a.sdn.cz/d_18/c_img_QL_KC/92BBkac.jpeg?fl=res,400,300,3|shr,,20|jpg,90"
 2+1 51 m²,"Na Kopečku, Znojmo",2900000,"https://d18-a.sdn.cz/d_18/c_img_QM_Ks/b8UBbG6.jpeg?fl=res,400,300,3|shr,,20|jpg,90"
 2+kt 60 m²,"Kosmákova, Znojmo",4590000,"https://d18-a.sdn.cz/d_18/c_img_QK_Jv/mZXI3Y.jpeg?fl=res,400,300,3|shr,,20|jpg,90"
 3+1 65 m²,"Rooseveltova, Znojmo",2790000,"https://d18-a.sdn.cz/d_18/c_img_gZ_0/sbvELn.jpeg?fl=res,400,300,3|shr,,20|jpg,90"
 3+1 87 m²,"Velká Mikulášská, Znojmo",3590000,"https://d18-a.sdn.cz/d_18/c_img_QI_Jq/1A4CEC.jpeg?fl=res,400,300,3|shr,,20|jpg,90"
 2+1 90 m²,"Dolní Česká, Znojmo",3500000,"https://d18-a.sdn.cz/d_18/c_img_gV_2/kQzOKr.jpeg?fl=res,400,300,3|shr,,20|jpg,90"
 2+1 72 m²,"Jana Palacha, Znojmo",2950000,"https://d18-a.sdn.cz/d_18/c_img_QL_KC/pXnBbB7.jpeg?fl=res,400,300,3|shr,,20|jpg,90"
 3+kt 79 m²,"Hradební, Hořovice",5197000,"https://d18-a.sdn.cz/d_18/c_img_QI_Jr/75VBLPt.jpeg?fl=res,400,300,3|shr,,20|jpg,90"
 2+1 58 m²,"Merhautova, Brno - Zábrdovice",5390000,"https://d18-a.sdn.cz/d_18/c_img_QN_KD/6V7Bch7.jpeg?fl=res,400,300,3|shr,,20|jpg,90"
 2+kt 65 m²,"Veleslavínova, Trutnov - Střední Předměstí",4190000,"https://d18-a.sdn.cz/d_18/c_img_gZ_z/LnaGJ1.jpeg?fl=res,400,300,3|shr,,20|jpg,90"
 2+1 61 m²,"Pionýrů, Sokolov",1895000,"https://d18-a.sdn.cz/d_18/c_img_QK_Jw/TGbBUfX.jpeg?fl=res,400,300,3|shr,,20|jpg,90"
 2+kt 53 m²,"Bělomlýnská, Praha - Praha-Čakovice",6693000,"https://d18-a.sdn.cz/d_18/c_img_gY_z/6PESjL.jpeg?fl=res,400,300,3|shr,,20|jpg,90"
 3+1 73 m²,"Mazovská, Praha 8 - Troja",6800000,"https://d18-a.sdn.cz/d_18/c_img_QP_LN/pSqBSsW.jpeg?fl=res,400,300,3|shr,,20|jpg,90"
 3+1 72 m²,"U Červených domků, Hodonín",3770000,"https://d18-a.sdn.cz/d_18/c_img_QQ_Ls/oCtBkZQ.jpeg?fl=res,400,300,3|shr,,20|jpg,90"
 3+kt 74 m²,"Štechova, Kladno",5589000,"https://d18-a.sdn.cz/d_18/c_img_QR_MN/tJwBipR.jpeg?fl=res,400,300,3|shr,,20|jpg,90"
 3+1 71 m²,"Břasy, district Rokycany",2699000,"https://d18-a.sdn.cz/d_18/c_img_QP_LN/4oDBYN0.jpeg?fl=res,400,300,3|shr,,20|jpg,90"
 4+1 79 m²,"Prachatická, České Budějovice - České Budějovice 2",3970000,"https://d18-a.sdn.cz/d_18/c_img_QJ_Jx/E9vBI9w.jpeg?fl=res,400,300,3|shr,,20|jpg,90"
 2+kt 42 m²,"Libkovická, Lom - Loučná",970000,"https://d18-a.sdn.cz/d_18/c_img_QP_LF/Z2TBvZu.jpeg?fl=res,400,300,3|shr,,20|jpg,90"
 2+kt 48 m²,"Máchova, Jablonné v Podještědí",3003900,"https://d18-a.sdn.cz/d_18/c_img_QK_Jw/vgpBWoE.jpeg?fl=res,400,300,3|shr,,20|jpg,90"
 4+kt 116 m²,"Radlická, Praha 5 - Radlice",21420000,"https://d18-a.sdn.cz/d_18/c_img_gQ_0/KE0Mnd.jpeg?fl=res,400,300,3|shr,,20|jpg,90"
 1+kt 32 m²,"U Komína, Praha 5 - Radlice",5128000,"https://d18-a.sdn.cz/d_18/c_img_QN_KG/yLrgz2.jpeg?fl=res,400,300,3|shr,,20|jpg,90"
 2+kt 54 m²,"U Komína, Praha 5 - Radlice",8986000,"https://d18-a.sdn.cz/d_18/c_img_gX_0/fi2R98.jpeg?fl=res,400,300,3|shr,,20|jpg,90"
 2+kt 60 m²,"U Komína, Praha 5 - Radlice",10124000,"https://d18-a.sdn.cz/d_18/c_img_gT_4/NpbEGF.jpeg?fl=res,400,300,3|shr,,20|jpg,90"
 2+kt 57 m²,"U Komína, Praha 5 - Radlice",8950000,"https://d18-a.sdn.cz/d_18/c_img_gT_4/nMREI8.jpeg?fl=res,400,300,3|shr,,20|jpg,90"
 3+kt 75 m²,"U Komína, Praha 5 - Radlice",12828000,"https://d18-a.sdn.cz/d_18/c_img_gZ_0/BJiSB9.jpeg?fl=res,400,300,3|shr,,20|jpg,90"
 3+kt 98 m²,"U Komína, Praha 5 - Radlice",20338000,"https://d18-a.sdn.cz/d_18/c_img_QO_LA/Lmegtw.jpeg?fl=res,400,300,3|shr,,20|jpg,90"
 4+kt 95 m²,"U Komína, Praha 5 - Radlice",15163000,"https://d18-a.sdn.cz/d_18/c_img_gX_0/i20SJ0.jpeg?fl=res,400,300,3|shr,,20|jpg,90"
 4+kt 116 m²,"U Komína, Praha 5 - Radlice",21420000,"https://d18-a.sdn.cz/d_18/c_img_gY_z/eSXSRE.jpeg?fl=res,400,300,3|shr,,20|jpg,90"
 4+1 82 m²,"sídl. 9. května, Suchdol nad Lužnicí",3830000,"https://d18-a.sdn.cz/d_18/c_img_QN_KG/FooBkop.jpeg?fl=res,400,300,3|shr,,20|jpg,90"
 3+kt 90 m²,"Velvarská, Horoměřice",7450000,"https://d18-a.sdn.cz/d_18/c_img_QQ_Ls/XgvBkZE.jpeg?fl=res,400,300,3|shr,,20|jpg,90"
 5+kt 168 m²,"Na Perštýně, Praha 1 - Staré Město",28000000,"https://d18-a.sdn.cz/d_18/c_img_QP_LN/9eNBYNW.jpeg?fl=res,400,300,3|shr,,20|jpg,90"
 3+1 70 m²,"Revoluční, Litoměřice - Pokratice",3400000,"https://d18-a.sdn.cz/d_18/c_img_QQ_Lm/7nFBgxk.jpeg?fl=res,400,300,3|shr,,20|jpg,90"
 1+kt 27 m²,"Holýšovská, Praha 5 - Stodůlky",4690000,"https://d18-a.sdn.cz/d_18/c_img_QL_J8/qFXxdS.jpeg?fl=res,400,300,3|shr,,20|jpg,90"
 2+1 66 m²,"Mickiewiczova, Praha 6 - Hradčany",7500000,"https://d18-a.sdn.cz/d_18/c_img_QI_Ji/XMxuQH.jpeg?fl=res,400,300,3|shr,,20|jpg,90"
 2+1 77 m²,"Na Veselí, Praha 4 - Nusle",7999000,"https://d18-a.sdn.cz/d_18/c_img_QR_MI/2zqBt0M.jpeg?fl=res,400,300,3|shr,,20|jpg,90"
 1+kt 29 m²,"Nádražní, Praha 5 - Smíchov",5157615,"https://d18-a.sdn.cz/d_18/c_img_QL_J9/cakBV4P.jpeg?fl=res,400,300,3|shr,,20|jpg,90"
 2+kt 52 m²,"Bělomlýnská, Praha - Praha-Čakovice",6527000,"https://d18-a.sdn.cz/d_18/c_img_gT_4/CGsEiq.jpeg?fl=res,400,300,3|shr,,20|jpg,90"
 2+1 56 m²,"Božkova, Karviná - Ráj",1660000,"https://d18-a.sdn.cz/d_18/c_img_QM_Ks/f18BkVd.jpeg?fl=res,400,300,3|shr,,20|jpg,90"
 2+kt 59 m²,"Ládevská, Praha 8 - Dolní Chabry",7490000,"https://d18-a.sdn.cz/d_18/c_img_QN_KG/07s1ms.jpeg?fl=res,400,300,3|shr,,20|jpg,90"
 2+kt 72 m²,"Vlnitá, Praha - Braník",10990000,"https://d18-a.sdn.cz/d_18/c_img_QK_Jw/VGLpY2.jpeg?fl=res,400,300,3|shr,,20|jpg,90"
 1+kt 38 m²,"Třešňová, Praha 9 - Hloubětín",5290000,"https://d18-a.sdn.cz/d_18/c_img_QM_Ks/4xlBBHu.jpeg?fl=res,400,300,3|shr,,20|jpg,90"
 3+kt 72 m²,"Vlnitá, Praha - Braník",10990000,"https://d18-a.sdn.cz/d_18/c_img_QQ_Ls/XxD2RG.jpeg?fl=res,400,300,3|shr,,20|jpg,90"
 2+kt 40 m²,"Keblovská, Praha",4990000,"https://d18-a.sdn.cz/d_18/c_img_QR_MN/i6T6Im.jpeg?fl=res,400,300,3|shr,,20|jpg,90"
 2+kt 50 m²,"Šmilovského, Praha 2 - Vinohrady",8990000,"https://d18-a.sdn.cz/d_18/c_img_QL_KC/BC6StH.jpeg?fl=res,400,300,3|shr,,20|jpg,90"
 3+1 142 m²,"Žateckých, Praha 4 - Nusle",12990000,"https://d18-a.sdn.cz/d_18/c_img_QK_Jw/DEHBwL.jpeg?fl=res,400,300,3|shr,,20|jpg,90"
 1+kt 50 m²,"Šmilovského, Praha 2 - Vinohrady",8990000,"https://d18-a.sdn.cz/d_18/c_img_gU_z/PKEKLo.jpeg?fl=res,400,300,3|shr,,20|jpg,90"
 2+kt 56 m²,"Týmlova, Praha 4 - Michle",8990000,"https://d18-a.sdn.cz/d_18/c_img_QR_MN/xp0BBnQ.jpeg?fl=res,400,300,3|shr,,20|jpg,90"
 4+kt 100 m²,"Kodaňská, Praha - Vršovice",11990000,"https://d18-a.sdn.cz/d_18/c_img_QI_Jo/RWThQ0.jpeg?fl=res,400,300,3|shr,,20|jpg,90"
 2+kt 43 m²,"Ve Lhotce, Praha 4 - Lhotka",5990000,"https://d18-a.sdn.cz/d_18/c_img_QN_KE/WoAbVa.jpeg?fl=res,400,300,3|shr,,20|jpg,90"
 2+kt 42 m²,"Kubínova, Litoměřice - Pokratice",2299000,"https://d18-a.sdn.cz/d_18/c_img_QI_Jr/2epBLL5.jpeg?fl=res,400,300,3|shr,,20|jpg,90"
 3+kt 82 m²,"Nad Rokoskou, Praha 8 - Libeň",11300000,"https://d18-a.sdn.cz/d_18/c_img_QM_Ks/jgcBGF4.jpeg?fl=res,400,300,3|shr,,20|jpg,90"
 4+kt 164 m²,"Popovičky - Nebřenice, district Praha-východ",1,"https://d18-a.sdn.cz/d_18/c_img_QP_LN/pUxBOSX.jpeg?fl=res,400,300,3|shr,,20|jpg,90"
 5+kt 153 m²,"Vidoulská, Praha 5 - Jinonice",20989999,"https://d18-a.sdn.cz/d_18/c_img_QJ_Jt/ufnB6Ta.jpeg?fl=res,400,300,3|shr,,20|jpg,90"
 2+1 84 m²,"Tovární, Horní Bříza",2999000,"https://d18-a.sdn.cz/d_18/c_img_QP_LN/V35BAko.jpeg?fl=res,400,300,3|shr,,20|jpg,90"
 3+kt 93 m² (Single-storey),"Nad Školou, Rousínov",6290000,"https://d18-a.sdn.cz/d_18/c_img_QP_LN/MURBYOk.jpeg?fl=res,400,300,3|shr,,20|jpg,90"
 3+kt 89 m²,"Poříčany, district Kolín",5495100,"https://d18-a.sdn.cz/d_18/c_img_QN_KD/DkXByuM.jpeg?fl=res,400,300,3|shr,,20|jpg,90"
 2+kt 60 m²,"Cerhenice, district Kolín",3574800,"https://d18-a.sdn.cz/d_18/c_img_gU_z/HGrHLn.jpeg?fl=res,400,300,3|shr,,20|jpg,90"
 1+1 42 m²,"Křižíkova, Frýdek-Místek - Frýdek",1,"https://d18-a.sdn.cz/d_18/c_img_QN_KG/4WKS4F.jpeg?fl=res,400,300,3|shr,,20|jpg,90"
 4+kt 98 m² (Mezonet),"Nová, Kouřim",6990000,"https://d18-a.sdn.cz/d_18/c_img_QL_Ju/r5lJ8a.jpeg?fl=res,400,300,3|shr,,20|jpg,90"
 2+1 65 m²,"Pražská, Rokycany - Nové Město",2790000,"https://d18-a.sdn.cz/d_18/c_img_QQ_Ls/XWE6IP.jpeg?fl=res,400,300,3|shr,,20|jpg,90"
 3+1 90 m²,"Mariánské náměstí, Krupka - Bohosudov",4200000,"https://d18-a.sdn.cz/d_18/c_img_QI_Jn/K67BaCv.jpeg?fl=res,400,300,3|shr,,20|jpg,90"
 4+kt 73 m²,"Nádvorní, Liberec - Liberec VI-Rochlice",2625000,"https://d18-a.sdn.cz/d_18/c_img_gZ_0/4MHYn4.jpeg?fl=res,400,300,3|shr,,20|jpg,90"
 3+kt 84 m²,"Bělomlýnská, Praha - Praha-Čakovice",10228000,"https://d18-a.sdn.cz/d_18/c_img_QJ_Jx/xaDGG8.jpeg?fl=res,400,300,3|shr,,20|jpg,90"
 2+kt 48 m²,"Náprstkova, Praha 1 - Staré Město",18400000,"https://d18-a.sdn.cz/d_18/c_img_QO_LA/K9qBh4o.jpeg?fl=res,400,300,3|shr,,20|jpg,90"
 1+kt 34 m²,"Bačovského, Brno - Líšeň",3990000,"https://d18-a.sdn.cz/d_18/c_img_QR_MN/wbT3Dl.mpo?fl=res,400,300,3|shr,,20|jpg,90"
 1+1 41 m²,"Střelecký vrch, Chrastava",1990000,"https://d18-a.sdn.cz/d_18/c_img_gQ_0/6PDSkd.jpeg?fl=res,400,300,3|shr,,20|jpg,90"
 3+1 67 m²,"Sportovní, Moravská Třebová - Předměstí",2500000,"https://d18-a.sdn.cz/d_18/c_img_QK_Jw/b6NBWlp.jpeg?fl=res,400,300,3|shr,,20|jpg,90"
 3+1 76 m²,"Dr. Trippé, Kostelec nad Černými lesy",3980000,"https://d18-a.sdn.cz/d_18/c_img_QR_MN/EOUy2l.jpeg?fl=res,400,300,3|shr,,20|jpg,90"
 2+kt 57 m²,"Waltariho, Praha 9 - Hloubětín",8590000,"https://d18-a.sdn.cz/d_18/c_img_QM_Ks/dHOBNq4.jpeg?fl=res,400,300,3|shr,,20|jpg,90"
 3+kt 144 m² (Attic),"Maltézské náměstí, Praha 1 - Malá Strana",27999000,"https://d18-a.sdn.cz/d_18/c_img_QI_Jr/iauPNR.jpeg?fl=res,400,300,3|shr,,20|jpg,90"
 1+kt 33 m²,"Granitova, Praha 9 - Hloubětín",5190000,"https://d18-a.sdn.cz/d_18/c_img_QM_Ks/SngBNq2.jpeg?fl=res,400,300,3|shr,,20|jpg,90"
 2+kt 62 m²,"Světova, Praha 8 - Libeň",8399990,"https://d18-a.sdn.cz/d_18/c_img_QL_KC/37MBIjq.jpeg?fl=res,400,300,3|shr,,20|jpg,90"
 3+1 82 m²,"Strašnická, Praha 10 - Hostivař",7800000,"https://d18-a.sdn.cz/d_18/c_img_QN_KG/8sUBFHq.jpeg?fl=res,400,300,3|shr,,20|jpg,90"
 3+kt 81 m²,"Prušánecká, Praha 5 - Zličín",9850000,"https://d18-a.sdn.cz/d_18/c_img_QP_LN/q5SBYJc.mpo?fl=res,400,300,3|shr,,20|jpg,90"
 3+kt 85 m²,"Riegrova, Liberec - Liberec I-Staré Město",8490000,"https://d18-a.sdn.cz/d_18/c_img_QI_Jr/p1RBLH4.jpeg?fl=res,400,300,3|shr,,20|jpg,90"
 4+kt 120 m²,"Pod dvorem, Praha 6 - Veleslavín",19990000,"https://d18-a.sdn.cz/d_18/c_img_gT_4/nVqHSc.jpeg?fl=res,400,300,3|shr,,20|jpg,90"
 2+kt 55 m²,"Kotěrova, Praha 6 - Dejvice",8900000,"https://d18-a.sdn.cz/d_18/c_img_QL_KC/Js6BUtW.jpeg?fl=res,400,300,3|shr,,20|jpg,90"
 3+kt 82 m²,"Metelkova, Kuřim",6770000,"https://d18-a.sdn.cz/d_18/c_img_QM_Ks/GGBBXrJ.jpeg?fl=res,400,300,3|shr,,20|jpg,90"
 1+1 31 m²,"Ondrouškova, Brno - Bystrc",4189000,"https://d18-a.sdn.cz/d_18/c_img_QL_KC/mRDBcC7.jpeg?fl=res,400,300,3|shr,,20|jpg,90"
 2+kt 58 m²,"Měchnovská, Praha 4 - Chodov",6985000,"https://d18-a.sdn.cz/d_18/c_img_QL_KC/l6RBkJw.jpeg?fl=res,400,300,3|shr,,20|jpg,90"
 4+kt 92 m²,"U svahu, Praha 5 - Slivenec",12650000,"https://d18-a.sdn.cz/d_18/c_img_QP_LN/H6F7ZM.jpeg?fl=res,400,300,3|shr,,20|jpg,90"
 3+kt 72 m²,"Skuteckého, Praha 6 - Řepy",8400000,"https://d18-a.sdn.cz/d_18/c_img_QO_LA/sXIBL3M.jpeg?fl=res,400,300,3|shr,,20|jpg,90"
 3+1 95 m²,"Jagellonská, Praha 3",15100000,"https://d18-a.sdn.cz/d_18/c_img_QP_LM/fu1JZx.jpeg?fl=res,400,300,3|shr,,20|jpg,90"
 1+kt 37 m²,"Bělomlýnská, Praha - Praha-Čakovice",4958000,"https://d18-a.sdn.cz/d_18/c_img_QL_KC/xiLibx.jpeg?fl=res,400,300,3|shr,,20|jpg,90"
 3+kt 73 m²,"Lubenská, Frýdlant nad Ostravicí - Frýdlant",6067000,"https://d18-a.sdn.cz/d_18/c_img_QN_KE/IQIS0L.jpeg?fl=res,400,300,3|shr,,20|jpg,90"
 2+1 69 m²,"Malická, Plzeň - Severní Předměstí",3990000,"https://d18-a.sdn.cz/d_18/c_img_gX_0/x27YYI.jpeg?fl=res,400,300,3|shr,,20|jpg,90"
 4+kt 109 m² (Mezonet),"Karla Steinera, Plzeň - Skvrňany",6990000,"https://d18-a.sdn.cz/d_18/c_img_QO_LA/Vw2BXtU.jpeg?fl=res,400,300,3|shr,,20|jpg,90"
 1+kt 47 m²,"Malá Plynární, Praha 7 - Holešovice",3990000,"https://d18-a.sdn.cz/d_18/c_img_QL_J4/Z31BZOU.jpeg?fl=res,400,300,3|shr,,20|jpg,90"
 2+kt 42 m²,"Jizerská, Jablonec nad Nisou",2395000,"https://d18-a.sdn.cz/d_18/c_img_QL_J8/5secOc.jpeg?fl=res,400,300,3|shr,,20|jpg,90"
 3+kt 103 m²,"Zakšínská, Praha 9 - Střížkov",12299000,"https://d18-a.sdn.cz/d_18/c_img_QI_Jm/mRgBl9.jpeg?fl=res,400,300,3|shr,,20|jpg,90"
 3+kt 71 m²,"Kováříkova, Praha 5 - Hlubočepy",12990000,"https://d18-a.sdn.cz/d_18/c_img_gU_z/Q3AJm7.jpeg?fl=res,400,300,3|shr,,20|jpg,90"
 3+kt 86 m²,"Kardausova, Praha 10 - Dolní Měcholupy",9300000,"https://d18-a.sdn.cz/d_18/c_img_QJ_Jw/hhIRbS.jpeg?fl=res,400,300,3|shr,,20|jpg,90"
